Workbook

Sheet صفحة الرئيسية
C2: الذهاب الى | E2: المجموع الكلي 12 شهراً
C3: شهر 1
C4: شهر 2 | E4: ='1'!D6+'2'!D6+'3'!D6+'4'!D6+'5'!D6+'6'!D6+'7'!D6+'8'!D6+'9'!D6+'10'!D6+'11'!D6+'12'!D6 -> 0 | H4: المجموع الكلي للراتب 12 شهر | K4: النسبة المئوية للراتب الشهري فقط | P4: النسبة المئوية للراتب الشهري فقط
C5: شهر 3 | K5: الاستثمار | L5: ادخار الحج | M5: ادخار ( تأمين و تسجيل + ثياب العيد ) | N5: مصاريف متنوعة | P5: الاستثمار | R5: مصاريف متنوعة
C6: شهر 4 | E6: مجموع الدخل 12 شهر | K6: =E42/E4*1 -> #DIV/0! | L6: =E39/E4*1 -> #DIV/0! | M6: =E44/E4*1 -> #DIV/0! | N6: =(E95-K7)/E4*1 -> #DIV/0! | P6: =E42/E4*1 -> #DIV/0! | R6: =(E95-K7)/E4*1 -> #DIV/0!
C7: شهر 5 | E7: ='1'!D9+'2'!D9+'3'!D9+'4'!D9+'5'!D9+'6'!D9+'7'!D9+'8'!D9+'9'!D9+'10'!D9+'11'!D9+'12'!D9 -> 0 | H7: المجموع الكلي لغلاء المعيشة 12 شهر | K7: =E42 -> 0 | L7: =E39 -> 0 | M7: =E44 -> 0 | N7: =(E4*N6)/1 -> #DIV/0! | P7: =E42 -> 0 | R7: =(E4*N6)/1 -> #DIV/0!
C8: شهر 6 | E8: ='1'!D10+'2'!D10+'3'!D10+'4'!D10+'5'!D10+'6'!D10+'7'!D10+'8'!D10+'9'!D10+'10'!D10+'11'!D10+'12'!D10 -> 0 | H8: المجموع الكلي لعلاوة إسكان 12 شهر | K8: =(N6+L6+K6+M6) -> #DIV/0! | M8: مجموع النسبة المئوية الكلي | P8: =(R6+P6) -> #DIV/0! | R8: مجموع النسبة المئوية الكلي
C9: شهر 7 | E9: ='1'!D11+'2'!D11+'3'!D11+'4'!D11+'5'!D11+'6'!D11+'7'!D11+'8'!D11+'9'!D11+'10'!D11+'11'!D11+'12'!D11 -> 0 | H9: المجموع الكلي لدعم اللحوم | K9: =K7+L7+N7+M7 -> #DIV/0! | P9: =P7+R7 -> #DIV/0!
C10: شهر 8 | E10: ='1'!D12+'2'!D12+'3'!D12+'4'!D12+'5'!D12+'6'!D12+'7'!D12+'8'!D12+'9'!D12+'10'!D12+'11'!D12+'12'!D12 -> 0 | H10: المجموع الكلي لمساعدات خيرية 12 شهر | K10: =1-K8 -> #DIV/0! | M10: المتبقي من الراتب ١٢ شهر | P10: =1-P8 -> #DIV/0! | R10: المتبقي من الراتب ١٢ شهر
C11: شهر 9 | E11: ='1'!D13+'2'!D13+'3'!D13+'4'!D13+'5'!D13+'6'!D13+'7'!D13+'8'!D13+'9'!D13+'10'!D13+'11'!D13+'12'!D13 -> 0 | H11: المجموع الكلي للمدخول اعمال حرة او خاص او غيرها | K11: =E4*K10/1 -> #DIV/0! | P11: =E4*P10/1 -> #DIV/0!
C12: شهر 10
C13: شهر 11 | E13: المصاريف السنوية | K13: النسبة المئوية للراتب الشهري + المدخول الإضافي | P13: النسبة المئوية للراتب الشهري + المدخول الإضافي
C14: شهر 12 | E14: ='1'!D16+'2'!D16+'3'!D16+'4'!D16+'5'!D16+'6'!D16+'7'!D16+'8'!D16+'9'!D16+'10'!D16+'11'!D16+'12'!D16 -> 0 | H14: المجموع الكلي للراتب الزوجة 12 شهر | K14: الاستثمار | L14: ادخار الحج | M14: ادخار ( تأمين و تسجيل + ثياب العيد ) | N14: مصاريف متنوعة | P14: الاستثمار | R14: مصاريف متنوعة
C15: سلف و دين واقساط | E15: ='1'!D17+'2'!D17+'3'!D17+'4'!D17+'5'!D17+'6'!D17+'7'!D17+'8'!D17+'9'!D17+'10'!D17+'11'!D17+'12'!D17 -> 0 | H15: المجموع الكلي للمصاريف العائلة 12 شهر | K15: =E42/(E4+E9+E10+E11+E7+E8)*1 -> #DIV/0! | L15: =E39/(E4+E9+E10+E11+E7+E8)*1 -> #DIV/0! | M15: =E44/(E4+E9+E10+E11+E7+E8)*1 -> #DIV/0! | N15: =(E95-K16)/(E4+E9+E10+E11+E7+E8)*1 -> #DIV/0! | P15: =E42/(E4+E9+E10+E11+E7+E8)*1 -> #DIV/0! | R15: =(E95-K16)/(E4+E9+E10+E11+E7+E8)*1 -> #DIV/0!
E16: ='1'!AD108+'2'!AD108+'3'!AD108+'4'!AD108+'5'!AD108+'6'!AD108+'7'!AD108+'8'!AD108+'9'!AD108+'10'!AD108+'11'!AD108+'12'!AD108 -> 0 | H16: المجموع الكلي للأجار الشقة او المنزل 12 شهر | K16: =E42 -> 0 | L16: =E39 -> 0 | M16: =E44 -> 0 | N16: =(N15*(E4+E9+E10+E11+E7+E8))/1 -> #DIV/0! | P16: =E42 -> 0 | R16: =(N15*(E4+E9+E10+E11+E7+E8))/1 -> #DIV/0!
E17: ='1'!AG108+'2'!AG108+'3'!AG108+'4'!AG108+'5'!AG108+'6'!AG108+'7'!AG108+'8'!AG108+'9'!AG108+'10'!AG108+'10'!AG108+'12'!AG108 -> 0 | H17: المجموع الكلي لماچلة البيت 12 شهر | K17: =(N15+L15+K15+M15) -> #DIV/0! | M17: مجموع النسبة المئوية الكلي | P17: =(R15+P15) -> #DIV/0! | R17: مجموع النسبة المئوية الكلي
E18: ='1'!AD118+'2'!AD118+'3'!AD118+'4'!AD118+'5'!AD118+'6'!AD118+'7'!AD118+'8'!AD118+'9'!AD118+'10'!AD118+'11'!AD118+'12'!AD118 -> 0 | H18: المجموع الكلي لجميع الابيال الانترنت و خطوط الهاتف 12 شهر | K18: =K16+L16+N16+M16 -> #DIV/0! | P18: =P16+R16 -> #DIV/0!
E19: ='1'!AG118+'2'!AG118+'3'!AG118+'4'!AG118+'5'!AG118+'6'!AG118+'7'!AG118+'8'!AG118+'9'!AG118+'10'!AG118+'11'!AG118+'12'!AG118 -> 0 | H19: المجموع الكلي فواتير الكهرباء و الماء 12 شهر | K19: =1-K17 -> #DIV/0! | M19: المتبقي من الراتب ١٢ شهر | P19: =1-P17 -> #DIV/0! | R19: المتبقي من الراتب ١٢ شهر
E20: ='1'!D22+'2'!D22+'3'!D22+'4'!D22+'5'!D22+'6'!D22+'7'!D22+'8'!D22+'9'!D22+'10'!D22+'11'!D22+'12'!D22 -> 0 | H20: مصروفات أخرى 12 شهر | K20: =(E82*K19)/1 -> #DIV/0! | P20: =(E82*P19)/1 -> #DIV/0!
E21: ='1'!AD128+'2'!AD128+'3'!AD128+'4'!AD128+'5'!AD128+'6'!AD128+'7'!AD128+'8'!AD128+'9'!AD128+'10'!AD128+'11'!AD128+'12'!AD128 -> 0 | H21: المجموع الكلي للعلاج خلال السنة
E22: ='1'!AG128+'2'!AG128+'3'!AG128+'4'!AG128+'5'!AG128+'6'!AG128+'7'!AG128+'8'!AG128+'9'!AG128+'10'!AG128+'11'!AG128+'12'!AG128 -> 0 | H22: دفع مشتريات بطاقة الفيزا متنوعة ١
E23: ='1'!AD138+'2'!AD138+'3'!AD138+'4'!AD138+'5'!AD138+'6'!AD138+'7'!AD138+'8'!AD138+'9'!AD138+'10'!AD138+'11'!AD138+'12'!AD138 -> 0 | H23: دفع مشتريات بطاقة الفيزا متنوعة ٢
E24: ='1'!AG138+'2'!AG138+'3'!AG138+'4'!AG138+'5'!AG138+'6'!AG138+'7'!AG138+'8'!AG138+'9'!AG138+'10'!AG138+'11'!AG138+'12'!AG138 -> 0 | H24: دفع مشتريات بطاقة الفيزا متنوعة ٣
E25: ='1'!AD148+'2'!AD148+'3'!AD148+'4'!AD148+'5'!AD148+'6'!AD148+'7'!AD148+'8'!AD148+'9'!AD148+'10'!AD148+'11'!AD148+'12'!AD148 -> 0 | H25: المجموع الكلي للبترول لجميع السيارات 12 شهر
E26: ='1'!D28+'2'!D28+'3'!D28+'4'!D28+'5'!D28+'6'!D28+'7'!D28+'8'!D28+'9'!D28+'10'!D28+'11'!D28+'12'!D28 -> 0 | H26: المجموع الكلي للعامل التنظيف لجميع السيارات
E27: ='1'!AD158+'2'!AD158+'3'!AD158+'4'!AD158+'5'!AD158+'6'!AD158+'7'!AD158+'8'!AD158+'9'!AD158+'10'!AD158+'11'!AD158+'12'!AD158 -> 0 | H27: تصليح السيارة ( تبديل قطع غيار , صباغة و غيره)
E28: ='1'!AG158+'2'!AG158+'3'!AG158+'4'!AG158+'5'!AG158+'6'!AG158+'7'!AG158+'8'!AG158+'9'!AG158+'10'!AG158+'11'!AG158+'12'!AG158 -> 0
E29: ='1'!AD168+'2'!AD168+'3'!AD168+'4'!AD168+'5'!AD168+'6'!AD168+'7'!AD168+'8'!AD168+'9'!AD168+'10'!AD168+'11'!AD168+'12'!AD168 -> 0 | H29: تعديل او تصليح او ( إضافة في المنزل مثل شراء أغراض )
E30: ='1'!AG168+'2'!AG168+'3'!AG168+'4'!AG168+'5'!AG168+'6'!AG168+'7'!AG168+'8'!AG168+'9'!AG168+'10'!AG168+'11'!AG168+'12'!AG168 -> 0
E31: ='1'!AD178+'2'!AD178+'3'!AD178+'4'!AD178+'5'!AD178+'6'!AD178+'7'!AD178+'8'!AD178+'9'!AD178+'10'!AD178+'11'!AD178+'12'!AD178 -> 0 | H31: المجموع الكلي للتكاليف العيدميلاد
E32: ='1'!AG178+'2'!AG178+'3'!AG178+'4'!AG178+'5'!AG178+'6'!AG178+'7'!AG178+'8'!AG178+'9'!AG178+'10'!AG178+'11'!AG178+'12'!AG178 -> 0 | H32: المجموع الكلي للمدرسة الخاصة خلال السنة
E33: ='1'!AD188+'2'!AD188+'3'!AD188+'4'!AD188+'5'!AD188+'6'!AD188+'7'!AD188+'8'!AD188+'9'!AD188+'10'!AD188+'11'!AD188+'12'!AD188 -> 0 | H33: المجموع الكلي للروضة خلال السنة
E34: ='1'!AG188+'2'!AG188+'3'!AG188+'4'!AG188+'5'!AG188+'6'!AG188+'7'!AG188+'8'!AG188+'9'!AG188+'10'!AG188+'11'!AG188+'12'!AG188 -> 0 | H34: المجموع الكلي للجامعة خلال السنة
E35: ='1'!AD198+'2'!AD198+'3'!AD198+'4'!AD198+'5'!AD198+'6'!AD198+'7'!AD198+'8'!AD198+'9'!AD198+'10'!AD198+'11'!AD198+'12'!AD198 -> 0 | H35: المجموع الكلي للمواصلات المدارس او الجامعات خلال السنة
E36: ='1'!AG198+'2'!AG198+'3'!AG198+'4'!AG198+'5'!AG198+'6'!AG198+'7'!AG198+'8'!AG198+'9'!AG198+'10'!AG198+'11'!AG198+'12'!AG198 -> 0 | H36: المجموع الكلي للدروس التقوية للأطفال و الكبار خلال السنة
E37: العيد | F37: الملابس | G37: المدرسة | H37: المجموع الكلي للاحتياجات ألاطفال خلال السنة
E38: ='1'!AJ208+'2'!AJ208+'3'!AJ208+'4'!AJ208+'5'!AJ208+'6'!AJ208+'7'!AJ208+'8'!AJ208+'9'!AJ208+'10'!AJ208+'11'!AJ208+'12'!AJ208 -> 0 | F38: ='1'!AG208+'2'!AG208+'3'!AG208+'4'!AG208+'5'!AG208+'6'!AG208+'7'!AG208+'8'!AG208+'9'!AG208+'10'!AG208+'11'!AG208+'12'!AG208 -> 0 | G38: ='1'!AD208+'2'!AD208+'3'!AD208+'4'!AD208+'5'!AD208+'6'!AD208+'7'!AD208+'8'!AD208+'9'!AD208+'10'!AD208+'11'!AD208+'12'!AD208 -> 0
E39: ='1'!D42+'2'!D42+'3'!D42+'4'!D42+'5'!D42+'6'!D42+'7'!D42+'8'!D42+'9'!D42+'10'!D42+'11'!D42+'12'!D42+K39 -> 0 | H39: المجموع الكلي للادخار للحج خلال السنة
E40: ='1'!D43+'2'!D43+'3'!D43+'4'!D43+'5'!D43+'6'!D43+'7'!D43+'8'!D43+'9'!D43+'10'!D43+'11'!D43+'12'!D43 -> 0 | H40: المجموع الكلي للمساعدات انسانية خلال السنة
E41: ='1'!D44+'2'!D44+'3'!D44+'4'!D44+'5'!D44+'6'!D44+'7'!D44+'8'!D44+'9'!D44+'10'!D44+'11'!D44+'12'!D44 -> 0 | H41: المجموع الكلي للادخار ( جمعية ) خلال السنة
E42: ='1'!D45+'2'!D45+'3'!D45+'4'!D45+'5'!D45+'6'!D45+'7'!D45+'8'!D45+'9'!D45+'10'!D45+'11'!D45+'12'!D45 -> 0 | H42: المجموع الكلي للاستثمار خلال السنة
E43: ='1'!D46+'2'!D46+'3'!D46+'4'!D46+'5'!D46+'6'!D46+'7'!D46+'8'!D46+'9'!D46+'10'!D46+'11'!D46+'12'!D46 -> 0 | H43: المجموع الكلي للعيادي العيد
E44: ='1'!D47+'2'!D47+'3'!D47+'4'!D47+'5'!D47+'6'!D47+'7'!D47+'8'!D47+'9'!D47+'10'!D47+'11'!D47+'12'!D47+K44 -> 0 | H44: ادخار ( تأمين و تسجيل + ثياب العيد + الروضة )
E45: ='1'!D48+'2'!D48+'3'!D48+'4'!D48+'5'!D48+'6'!D48+'7'!D48+'8'!D48+'9'!D48+'10'!D48+'11'!D48+'12'!D48+K45 -> 0 | H45: ادخار سفر
E47: ='1'!D50 -> العام الماضي | H47: ديـــــــــــــــن : | K47: ='1'!J50 -> السنة الحالية | M47: ديـــــــــــــــن :
E49: ='1'!D52 -> 0 | H49: الاســـــــــــــــــــــــــــــــــــــــــــــم : | I49: مجموع الكلي ١٢ شهر للدائن او المدين ( سلف ) | K49: ='1'!J52 -> 0 | M49: الاســـــــــــــــــــــــــــــــــــــــــــــم : | N49: مجموع الكلي ١٢ شهر للدائن او المدين ( سلف )
E50: ='1'!D53 -> 0 | G50: ='1'!F53 -> يرجى الاختيار | H50: المبلـــــــــــــغ الكلي لل : | K50: ='1'!J53 -> 0 | L50: ='1'!K53 -> يرجى الاختيار | M50: المبلـــــــــــــغ الكلي لل :
E51: ='1'!D54+'2'!D54+'3'!D54+'4'!D54+'5'!D54+'6'!D54+'7'!D54+'8'!D54+'9'!D54+'10'!D54+'11'!D54+'12'!D54+C50+C52 -> 0 | H51: تــــــــــــــــــــــم الدفــــــــع : | K51: ='1'!J54+'2'!J54+'3'!J54+'4'!J54+'5'!J54+'6'!J54+'7'!J54+'8'!J54+'9'!J54+'10'!J54+'11'!J54+'12'!J54+O50+O52 -> 0 | M51: تــــــــــــــــــــــم الدفــــــــع :
E52: ='سلف و دين واقساط'!D12 -> 0 | H52: المتبــــــــــــــــــــــــــــــــــــقي : | K52: ='سلف و دين واقساط'!D32 -> 0 | M52: المتبــــــــــــــــــــــــــــــــــــقي :
E54: ='1'!D57 -> السنة الحالية | H54: ديـــــــــــــــن : | K54: ='1'!J57 -> السنة الحالية | M54: ديـــــــــــــــن :
E56: ='1'!D59 -> 0 | H56: الاســـــــــــــــــــــــــــــــــــــــــــــم : | I56: مجموع الكلي ١٢ شهر للدائن او المدين ( سلف ) | K56: ='1'!J59 -> 0 | M56: الاســـــــــــــــــــــــــــــــــــــــــــــم : | N56: مجموع الكلي ١٢ شهر للدائن او المدين ( سلف )
E57: ='1'!D60 -> 0 | G57: ='1'!F60 -> يرجى الاختيار | H57: المبلـــــــــــــغ الكلي لل : | K57: ='1'!J60 -> 0 | L57: ='1'!K60 -> مدين | M57: المبلـــــــــــــغ الكلي لل :
E58: ='1'!D61+'2'!D61+'3'!D61+'4'!D61+'5'!D61+'6'!D61+'7'!D61+'8'!D61+'9'!D61+'10'!D61+'11'!D61+'12'!D61+C57+C59 -> 0 | H58: تــــــــــــــــــــــم الدفــــــــع : | K58: ='1'!J61+'2'!J61+'3'!J61+'4'!J61+'5'!J61+'6'!J61+'7'!J61+'8'!J61+'9'!J61+'10'!J61+'11'!J61+'12'!J61+O57+O59 -> 0 | M58: تــــــــــــــــــــــم الدفــــــــع :
E59: ='سلف و دين واقساط'!D22 -> 0 | H59: المتبــــــــــــــــــــــــــــــــــــقي : | K59: ='سلف و دين واقساط'!D42 -> 0 | M59: المتبــــــــــــــــــــــــــــــــــــقي :
E61: ='1'!D65 -> 0 | H61: اســـــــــــــــــــم البنك : | I61: مجموع الكلي ١٢ شهر للقسط بطاقة الفيزا البنكية
E62: ='1'!D66 -> 0 | H62: المبلـــــــــــــغ الكلي :
E63: ='1'!AD228+'2'!AD228+'3'!AD228+'4'!AD228+'5'!AD228+'6'!AD228+'7'!AD228+'8'!AD228+'9'!AD228+'10'!AD228+'11'!AD228+'12'!AD228 -> 0 | H63: تــــــــــــــــــــــم الدفــــــــع :
E64: ='سلف و دين واقساط'!D51 -> 0 | H64: المتبــــــــــــــــــــــــــــــــــــقي : | L64: 2 | N64: 1
L65: =VLOOKUP(TRIM(#REF!), L66:M68, 2, FALSE) -> #REF! | N65: =VLOOKUP(TRIM(#REF!), N66:O68, 2, FALSE) -> #REF!
E66: ='1'!D71 -> 0 | H66: اســـــــــــــــــــم البنك : | I66: مجموع الكلي ١٢ شهر للقسط البنك | L66: دائن | M66: =-Q25 -> 0 | N66: دائن | O66: =-Q24 -> 0
E67: ='1'!D72 -> 0 | H67: المبلـــــــــــــغ الكلي : | L67: مدين | M67: =Q25 -> 0 | N67: مدين | O67: =Q24 -> 0
E68: ='1'!AG228+'2'!AG228+'3'!AG228+'4'!AG228+'5'!AG228+'6'!AG228+'7'!AG228+'8'!AG228+'9'!AG228+'10'!AG228+'11'!AG228+'12'!AG228 -> 0 | H68: تــــــــــــــــــــــم الدفــــــــع : | L68: يرجى الاختيار | M68: 0 | N68: يرجى الاختيار | O68: 0
E69: ='سلف و دين واقساط'!D60 -> 0 | H69: المتبــــــــــــــــــــــــــــــــــــقي :
L70: 4 | N70: 3
E71: ='1'!D77 -> 0 | H71: الاســـــــــــــــــــــــــــــــــــــــــــــم : | I71: مجموع الكلي ١٢ شهر للقسط متنوع | L71: =VLOOKUP(TRIM(#REF!), L72:M74, 2, FALSE) -> #REF! | N71: =VLOOKUP(TRIM(#REF!), N72:O74, 2, FALSE) -> #REF!
E72: ='1'!D78 -> 0 | H72: المبلـــــــــــــغ الكلي : | L72: دائن | M72: =-#REF! -> #REF! | N72: دائن | O72: =-#REF! -> #REF!
E73: ='1'!AJ228+'2'!AJ228+'3'!AJ228+'4'!AJ228+'5'!AJ228+'6'!AJ228+'7'!AJ228+'8'!AJ228+'9'!AJ228+'10'!AJ228+'11'!AJ228+'12'!AJ228 -> 0 | H73: تــــــــــــــــــــــم الدفــــــــع : | L73: مدين | M73: =#REF! -> #REF! | N73: مدين | O73: =#REF! -> #REF!
E74: ='سلف و دين واقساط'!D68 -> 0 | H74: المتبــــــــــــــــــــــــــــــــــــقي : | L74: يرجى الاختيار | M74: 0 | N74: يرجى الاختيار | O74: 0
E76: فقط مرة واحدة في السنه | L76: 6 | N76: 5
E77: ='1'!AD218+'2'!AD218+'3'!AD218+'4'!AD218+'5'!AD218+'6'!AD218+'7'!AD218+'8'!AD218+'9'!AD218+'10'!AD218+'11'!AD218+'12'!AD218 -> 0 | H77: المجموع الكلي لجميع السيارات ( التأمين السنوي + التسجيل السنوي ) | L77: =VLOOKUP(TRIM(#REF!), L78:M80, 2, FALSE) -> #REF! | N77: =VLOOKUP(TRIM(#REF!), N78:O80, 2, FALSE) -> #REF!
L78: دائن | M78: =-#REF! -> #REF! | N78: دائن | O78: =-#REF! -> #REF!
E79: فقط مرة واحدة في السنه | L79: مدين | M79: =#REF! -> #REF! | N79: مدين | O79: =#REF! -> #REF!
E80: ='1'!D86+'2'!D86+'3'!D86+'4'!D86+'5'!D86+'6'!D86+'7'!D86+'8'!D86+'9'!D86+'10'!D86+'11'!D86+'12'!D86 -> 0 | H80: زكاة ( المال او الذهب و غيره من الاستثمارات) | L80: يرجى الاختيار | M80: 0 | N80: يرجى الاختيار | O80: 0
E82: =E4+E7+E8+E9 -> 0 | H82: مجموع ١٢ شهر للراتب مع مدخول الايضافي | L82: 8 | N82: 7
L83: =VLOOKUP(TRIM(#REF!), L84:M86, 2, FALSE) -> #REF! | N83: =VLOOKUP(TRIM(#REF!), N84:O86, 2, FALSE) -> #REF!
D84: * | E84: ='1'!D90+'2'!D90+'3'!D90+'4'!D90+'5'!D90+'6'!D90+'7'!D90+'8'!D90+'9'!D90+'10'!D90+'11'!D90+'12'!D90 -> 0 | H84: مجموع ١٢ شهر من المتبقي من الراتب فقط | L84: دائن | M84: =-#REF! -> #REF! | N84: دائن | O84: =-#REF! -> #REF!
L85: مدين | M85: =#REF! -> #REF! | N85: مدين | O85: =#REF! -> #REF!
D86: * | E86: ='1'!D92+'2'!D92+'3'!D92+'4'!D92+'5'!D92+'6'!D92+'7'!D92+'8'!D92+'9'!D92+'10'!D92+'11'!D92+'12'!D92 -> 0 | H86: مجموع ١٢ شهر للمتبقي من الراتب فقط (بدون اقتطاع الحج) + ادخار ( تأمين و تسجيل + ثياب العيد ) | L86: يرجى الاختيار | M86: 0 | N86: يرجى الاختيار | O86: 0
L88: 10 | N88: 9
D89: * | E89: ='1'!D97+'2'!D97+'3'!D97+'4'!D97+'5'!D97+'6'!D97+'7'!D97+'8'!D97+'9'!D97+'10'!D97+'11'!D97+'12'!D97 -> 0 | H89: مجموع ١٢ شهر للمتبقي من الراتب + المدخول الايضافي - ناقص جميع الاقتطاعات (الحج الاستثمار و غير ) | L89: =VLOOKUP(TRIM(#REF!), L90:M92, 2, FALSE) -> #REF! | N89: =VLOOKUP(TRIM(#REF!), N90:O92, 2, FALSE) -> #REF!
L90: دائن | M90: =-#REF! -> #REF! | N90: دائن | O90: =-#REF! -> #REF!
L91: مدين | M91: =#REF! -> #REF! | N91: مدين | O91: =#REF! -> #REF!
C92: مهم | D92: * | E92: ='1'!D100+'2'!D100+'3'!D100+'4'!D100+'5'!D100+'6'!D100+'7'!D100+'8'!D100+'9'!D100+'10'!D100+'11'!D100+'12'!D100 -> 0 | H92: مجموع ١٢ شهر للمتبقي من الراتب + المدخول الايضافي + الحج + تامين وتسجيل و العيد - ناقص جميع الاقتطاعات (الاستثمار و غير ) | L92: يرجى الاختيار | M92: 0 | N92: يرجى الاختيار | O92: 0
D95: * | E95: ='1'!D103+'2'!D103+'3'!D103+'4'!D103+'5'!D103+'6'!D103+'7'!D103+'8'!D103+'9'!D103+'10'!D103+'11'!D103+'12'!D103 -> 0 | H95: مجموع ١٢ شهر للمصاريف الشهرية (بدون اقتطاع الحج + تامين وتسجيل و العيد )
E98: ='1'!D106+'2'!D106+'3'!D103+'4'!D103+'5'!D103+'6'!D103+'7'!D103+'8'!D103+'9'!D103+'10'!D103+'11'!D103+'12'!D103 -> 0 | H98: مجموع ١٢ شهر للمصاريف الشهرية (بدون اقتطاع الحج , الاستثمار و الجمعية + تامين وتسجيل و العيد) | J98: لو
E101: ='1'!D109+'2'!D109+'3'!D109+'4'!D109+'5'!D109+'6'!D109+'7'!D109+'8'!D109+'9'!D109+'10'!D109+'11'!D109+'12'!D109 -> 0 | H101: مجموع ١٢ شهر للمتبقي الشهري من الراتب + المدخول الايضافي + مع الادخار بنواعه (جمعية , حج و استثمار + تامين وتسجيل و العيد ) | J101: لو

Sheet سلف و دين واقساط
G2: اخر تحديث بتاريخ
G4: تاربح البداء
G5: تاريخ الانتهاء
D6: العام الماضي | G6: هل الدين في السنة الحالية او العام الماضي , يرجى الاختيار
I7: المبلغ الذي تم دفعة العام الماضي
B8: اضغط هنا للرجوع الى الصفحة الرئيسية | G8: الاســــــــــــــــــــــــــــــــــــــــــــــــــــم : | H8: الدائن ( انا ماخذ سلف من احد )
F9: يرجى الاختيار | G9: المبلـــــــــــــغ الكلي لل :
D10: =D9-I9 -> 0 | G10: المبلغ الذي يجب دفعة: | H10: المدين ( ناس ماخذين مني سلف )
D11: ='1'!D54+'2'!D54+'3'!D54+'4'!D54+'5'!D54+'6'!D54+'7'!D54+'8'!D54+'9'!D54+'10'!D54+'11'!D54+'12'!D54 -> 0 | G11: تــــــــــــــــــــــم الدفـــــــــــــــــــع :
D12: =D10-D11 -> 0 | G12: المتبـــــــــــــــــــــــــــــــــــــــــــــــقي :
G14: تاربح البداء
G15: تاريخ الانتهاء
D16: السنة الحالية | G16: هل الدين في السنة الحالية او العام الماضي , يرجى الاختيار
I17: المبلغ الذي تم دفعة العام الماضي
G18: الاســــــــــــــــــــــــــــــــــــــــــــــــــــم : | H18: الدائن ( انا ماخذ سلف من احد )
B19: ذهاب الى | F19: يرجى الاختيار | G19: المبلـــــــــــــغ الكلي لل : | S19: =D10 -> 0 | V19: السنة الحالية ( يعني الراتب ينقص ) | Z19: ='سلف و دين واقساط'!D20 -> 0 | AC19: السنة الحالية ( يعني الراتب ينقص )
B20: شهر 1 | D20: =D19-I19 -> 0 | G20: المبلغ الذي يجب دفعة: | H20: المدين ( ناس ماخذين مني سلف ) | V20: العام الماضي ( ما ينحسب ) | AC20: العام الماضي ( ما ينحسب )
B21: شهر 2 | D21: ='1'!D61+'2'!D61+'3'!D61+'4'!D61+'5'!D61+'6'!D61+'7'!D61+'8'!D61+'9'!D61+'10'!D61+'11'!D61+'12'!D61 -> 0 | G21: تــــــــــــــــــــــم الدفـــــــــــــــــــع :
B22: شهر 3 | D22: =D20-D21 -> 0 | G22: المتبـــــــــــــــــــــــــــــــــــــــــــــــقي : | U22: =VLOOKUP('سلف و دين واقساط'!D6,T24:U26,2) -> 0 | V22: مهم | AB22: =VLOOKUP('سلف و دين واقساط'!D16,AA24:AB26,2) -> 0 | AC22: مهم
B23: شهر 4
B24: شهر 5 | G24: تاربح البداء | T24: السنة الحالية | U24: =-S19 -> 0 | AA24: السنة الحالية | AB24: =-Z19 -> 0
B25: شهر 6 | G25: تاريخ الانتهاء
B26: شهر 7 | D26: السنة الحالية | G26: هل الدين في السنة الحالية او العام الماضي , يرجى الاختيار | T26: العام الماضي | U26: 0 | AA26: العام الماضي | AB26: 0
B27: شهر 8 | I27: المبلغ الذي تم دفعة العام الماضي
B28: شهر 9 | G28: الاســــــــــــــــــــــــــــــــــــــــــــــــــــم : | H28: الدائن ( انا ماخذ سلف من احد )
B29: شهر 10 | F29: يرجى الاختيار | G29: المبلـــــــــــــغ الكلي لل :
B30: شهر 11 | D30: =D29-I29 -> 0 | G30: المبلغ الذي يجب دفعة: | H30: المدين ( ناس ماخذين مني سلف ) | S30: ='سلف و دين واقساط'!D30 -> 0 | V30: السنة الحالية ( يعني الراتب ينقص ) | Z30: ='سلف و دين واقساط'!D40 -> 0 | AC30: السنة الحالية ( يعني الراتب ينقص )
B31: شهر 12 | D31: ='1'!J54+'2'!J54+'3'!J54+'4'!J54+'5'!J54+'6'!J54+'7'!J54+'8'!J54+'9'!J54+'10'!J54+'11'!J54+'12'!J54 -> 0 | G31: تــــــــــــــــــــــم الدفـــــــــــــــــــع : | V31: العام الماضي ( ما ينحسب ) | AC31: العام الماضي ( ما ينحسب )
D32: =D30-D31 -> 0 | G32: المتبـــــــــــــــــــــــــــــــــــــــــــــــقي :
G34: تاربح البداء | U34: =VLOOKUP('سلف و دين واقساط'!D26,T36:U37,2) -> 0 | V34: مهم | AB34: =VLOOKUP('سلف و دين واقساط'!D36,AA36:AB37,2) -> 0 | AC34: مهم
G35: تاريخ الانتهاء
D36: السنة الحالية | G36: هل الدين في السنة الحالية او العام الماضي , يرجى الاختيار | T36: السنة الحالية | U36: =-S30 -> 0 | AA36: السنة الحالية | AB36: =-Z30 -> 0
I37: المبلغ الذي تم دفعة العام الماضي | T37: العام الماضي | U37: 0 | AA37: العام الماضي | AB37: 0
G38: الاســــــــــــــــــــــــــــــــــــــــــــــــــــم : | H38: الدائن ( انا ماخذ سلف من احد )
F39: مدين | G39: المبلـــــــــــــغ الكلي لل :
D40: =D39-I39 -> 0 | G40: المبلغ الذي يجب دفعة: | H40: المدين ( ناس ماخذين مني سلف )
D41: ='1'!J61+'2'!J61+'3'!J61+'4'!J61+'5'!J61+'6'!J61+'7'!J61+'8'!J61+'9'!J61+'10'!J61+'11'!J61+'12'!J61 -> 0 | G41: تــــــــــــــــــــــم الدفـــــــــــــــــــع :
D42: =D40-D41 -> 0 | G42: المتبـــــــــــــــــــــــــــــــــــــــــــــــقي :
G44: تاربح البداء
G45: تاريخ الانتهاء
G46: وصــــــــــــــــــــــــــــــــــــــف :
G47: اســـــــــــــــــــم البنك : | H47: قسط بطاقة الفيزا البنكية | I47: المبلغ الذي تم دفعة العام الماضي
G48: اصل المبلـــــــــــــغ الكلي :
D49: =D48-I49 -> 0 | G49: المبلغ الذي يجب دفعة:
D50: ='1'!D67+'2'!D67+'3'!D67+'4'!D67+'5'!D67+'6'!D67+'7'!D67+'8'!D67+'9'!D67+'10'!D67+'11'!D67+'12'!D67 -> 0 | G50: تــــــــــــــــــــــم الدفــــــــع :
D51: =D49-D50 -> 0 | G51: المتبــــــــــــــــــــــــــــــــــــقي :
G53: تاربح البداء
G54: تاريخ الانتهاء
G55: وصــــــــــــــــــــــــــــــــــــــف :
G56: اســـــــــــــــــــم البنك : | H56: قسط البنك | I56: المبلغ الذي تم دفعة العام الماضي
G57: اصل المبلـــــــــــــغ الكلي :
D58: =D57-I58 -> 0 | G58: المبلغ الذي يجب دفعة:
D59: ='1'!D73+'2'!D73+'3'!D73+'4'!D73+'5'!D73+'6'!D73+'7'!D73+'8'!D73+'9'!D73+'10'!D73+'11'!D73+'12'!D73 -> 0 | G59: تــــــــــــــــــــــم الدفــــــــع :
D60: =D58-D59 -> 0 | G60: المتبــــــــــــــــــــــــــــــــــــقي :
G62: تاربح البداء
G63: تاريخ الانتهاء
G64: وصــــــــــــــــــــــــــــــــــــــف : | H64: قسط متنوع | I64: المبلغ الذي تم دفعة العام الماضي
G65: اصل المبلـــــــــــــغ الكلي :
D66: =D65-I66 -> 0 | G66: المبلغ الذي يجب دفعة:
D67: ='1'!D79+'2'!D79+'3'!D79+'4'!D79+'5'!D79+'6'!D79+'7'!D79+'8'!D79+'9'!D79+'10'!D79+'11'!D79+'12'!D79 -> 0 | G67: تــــــــــــــــــــــم الدفــــــــع :
D68: =D66-D67 -> 0 | G68: المتبــــــــــــــــــــــــــــــــــــقي :

Sheet 1
G2: اخر تحديث بتاريخ | S2: بدون اقتطاع ادخار + الحج
D4: جدول شهر 1 | N4: النسبة المئوية للراتب الشهري فقط | S4: النسبة المئوية للراتب الشهري فقط
N5: الاستثمار | O5: ادخار الحج | P5: ادخار ( تأمين و تسجيل + ثياب العيد ) + للسفر | Q5: مصاريف متنوعة | S5: الاستثمار | U5: مصاريف متنوعة
B6: اضغط هنا للرجوع الى الصفحة الرئيسية | G6: راتب الشهري | I6: * | N6: =(DF30+DH30+DJ30+DF41+DH41+DJ41)/(D6+U83+AA83+AA89+U89)*1 -> #DIV/0! | O6: =(CW30+CY30+DA30+CW41+CY41+DA41)/(D6+U83+AA83+AA89+U89)*1 -> #DIV/0! | P6: =(DO30+DQ30+DS30+DO41+DQ41+DS41+DO8+DQ8+DS8+DO19+DQ19+DS19)/(D6+U83+AA83+AA89+U89)*1 -> #DIV/0! | Q6: =(D103-N7)/(D6+U83+AA83+AA89+U89)*1 -> #DIV/0! | S6: =(DF30+DH30+DJ30+DF41+DH41+DJ41)/(D6+U83+AA83+AA89+U89)*1 -> #DIV/0! | U6: =(D103-N7)/(D6+U83+AA83+AA89+U89)*1 -> #DIV/0!
N7: =DF30+DH30+DJ30+DF41+DH41+DJ41 -> 0 | O7: =CW30+CY30+DA30+CW41+CY41+DA41 -> 0 | P7: =DO30+DQ30+DS30+DO41+DQ41+DS41+DO8+DQ8+DS8+DO19+DQ19+DS19 -> 0 | Q7: =(D6+U83+AA83+AA89+U89)*Q6/1 -> #DIV/0! | S7: =DF30+DH30+DJ30+DF41+DH41+DJ41 -> 0 | U7: =(D6+U83+AA83+AA89+U89)*Q6/1 -> #DIV/0! | AC7: علاج 1 | AE7: علاج 3 | AG7: علاج 5 | AL7: اجار الشقة ١٫١ | AN7: اجار الشقة ١٫٣ | AP7: اجار الشقة ١٫٥ | AU7: ماجلة البيت ١٫١ | AW7: ماجلة البيت ١٫٣ | AY7: ماجلة البيت ١٫٥ | BD7: جميع الابيال ١٫١ | BF7: جميع الابيال ١٫٣ | BH7: جميع الابيال ١٫٥ | BM7: بيل الكهرباء ١٫١ | BO7: بيل الكهرباء ١٫٣ | BQ7: بيل الكهرباء ١٫٥ | BV7: بترول الجميع ١٫١ | BX7: بترول الجميع ١٫٣ | BZ7: بترول الجميع ١٫٥ | CE7: قسط بطاقة الفيزا البنكية 1.1 | CG7: قسط بطاقة الفيزا البنكية 1.3 | CI7: قسط بطاقة الفيزا البنكية 1.5 | CN7: راتب الزوجة 1.1 | CP7: راتب الزوجة 1.3 | CR7: راتب الزوجة 1.5 | CW7: عامل التنظيف لجميع السيارات 1.1 | CY7: عامل التنظيف لجميع السيارات 1.3 | DA7: عامل التنظيف لجميع السيارات 1.5 | DF7: جمعية 1.1 | DH7: جمعية 1.3 | DJ7: جمعية 1.5 | DO7: ادخار ( تأمين و تسجيل + ثياب العيد + الروضة ) 1.1 | DQ7: ادخار ( تأمين و تسجيل + ثياب العيد + الروضة ) 1.3 | DS7: ادخار ( تأمين و تسجيل + ثياب العيد + الروضة ) 1.5
D8: دخل ايضافي كل شهر | N8: =(Q6+O6+N6+P6) -> #DIV/0! | P8: مجموع النسبة المئوية الكلي | S8: =(U6+S6) -> #DIV/0! | U8: مجموع النسبة المئوية الكلي | AC8: =VLOOKUP(G23,AC9:AD15,2,FALSE) -> 0 | AE8: =VLOOKUP(G23,AE9:AF15,2,FALSE) -> 0 | AG8: =VLOOKUP(G23,AG9:AH15,2,FALSE) -> 0 | AL8: =VLOOKUP(G18,AL9:AM15,2,FALSE) -> 0 | AN8: =VLOOKUP(G18,AN9:AO15,2,FALSE) -> 0 | AP8: =VLOOKUP(G18,AP9:AQ15,2,FALSE) -> 0 | AU8: =VLOOKUP(G19,AU9:AV15,2,FALSE) -> 0 | AW8: =VLOOKUP(G19,AW9:AX15,2,FALSE) -> 0 | AY8: =VLOOKUP(G19,AY9:AZ15,2,FALSE) -> 0 | BD8: =VLOOKUP(G20,BD9:BE15,2,FALSE) -> 0 | BF8: =VLOOKUP(G20,BF9:BG15,2,FALSE) -> 0 | BH8: =VLOOKUP(G20,BH9:BI15,2,FALSE) -> 0 | BM8: =VLOOKUP(G21,BM9:BN15,2,FALSE) -> 0 | BO8: =VLOOKUP(G21,BO9:BP15,2,FALSE) -> 0 | BQ8: =VLOOKUP(G21,BQ9:BR15,2,FALSE) -> 0 | BV8: =VLOOKUP(G27,BV9:BW15,2,FALSE) -> 0 | BX8: =VLOOKUP(G27,BX9:BY15,2,FALSE) -> 0 | BZ8: =VLOOKUP(G27,BZ9:CA15,2,FALSE) -> 0 | CE8: =VLOOKUP(H68,CE9:CF15,2,FALSE) -> 0 | CG8: =VLOOKUP(H68,CG9:CH15,2,FALSE) -> 0 | CI8: =VLOOKUP(H68,CI9:CJ15,2,FALSE) -> 0 | CN8: =VLOOKUP(G16,CN9:CO15,2,FALSE) -> 0 | CP8: =VLOOKUP(G16,CP9:CQ15,2,FALSE) -> 0 | CR8: =VLOOKUP(G16,CR9:CS15,2,FALSE) -> 0 | CW8: =VLOOKUP(G28,CW9:CX15,2,FALSE) -> 0 | CY8: =VLOOKUP(G28,CY9:CZ15,2,FALSE) -> 0 | DA8: =VLOOKUP(G28,DA9:DB15,2,FALSE) -> 0 | DF8: =VLOOKUP(G44,DF9:DG15,2,FALSE) -> 0 | DH8: =VLOOKUP(G44,DH9:DI15,2,FALSE) -> 0 | DJ8: =VLOOKUP(G44,DJ9:DK15,2,FALSE) -> 0 | DO8: =VLOOKUP(G47,DO9:DP15,2,FALSE) -> 0 | DQ8: =VLOOKUP(G47,DQ9:DR15,2,FALSE) -> 0 | DS8: =VLOOKUP(G47,DS9:DT15,2,FALSE) -> 0
G9: غلاء المعيشة | I9: * | N9: =N7+Q7+O7+P7 -> #DIV/0! | S9: =S7+U7 -> #DIV/0! | AC9: NBK | AD9: =D23 -> 0 | AE9: NBK | AG9: NBK | AL9: NBK | AM9: =D18 -> 0 | AN9: NBK | AP9: NBK | AU9: NBK | AV9: =D19 -> 0 | AW9: NBK | AY9: NBK | BD9: NBK | BE9: =D20 -> 0 | BF9: NBK | BH9: NBK | BM9: NBK | BN9: =D21 -> 0 | BO9: NBK | BQ9: NBK | BV9: NBK | BW9: =D27 -> 0 | BX9: NBK | BZ9: NBK | CE9: NBK | CF9: =D67 -> 0 | CG9: NBK | CI9: NBK | CN9: NBK | CO9: =D16 -> 0 | CP9: NBK | CR9: NBK | CW9: NBK | CX9: =D28 -> 0 | CY9: NBK | DA9: NBK | DF9: NBK | DG9: =D44 -> 0 | DH9: NBK | DJ9: NBK | DO9: NBK | DP9: =D47 -> 0 | DQ9: NBK | DS9: NBK
G10: علاوة إسكان | I10: * | N10: =1-N8 -> #DIV/0! | P10: المتبقي من الراتب | S10: =1-S8 -> #DIV/0! | U10: المتبقي من الراتب | AC10: ILA | AE10: ILA | AG10: ILA | AL10: ILA | AN10: ILA | AP10: ILA | AU10: ILA | AW10: ILA | AY10: ILA | BD10: ILA | BF10: ILA | BH10: ILA | BM10: ILA | BO10: ILA | BQ10: ILA | BV10: ILA | BX10: ILA | BZ10: ILA | CE10: ILA | CG10: ILA | CI10: ILA | CN10: ILA | CP10: ILA | CR10: ILA | CW10: ILA | CY10: ILA | DA10: ILA | DF10: ILA | DH10: ILA | DJ10: ILA | DO10: ILA | DQ10: ILA | DS10: ILA
G11: نعــــم بتــــــــــــنزل ذي الشهر | H11: دعم اللحوم كل ثلاث شهور | I11: * | N11: =((D6+U83+AA83+AA89+U89)*N10)/1 -> #DIV/0! | S11: =((D6+U83+AA83+AA89+U89)*S10)/1 -> #DIV/0! | AC11: BBK | AE11: BBK | AF11: =D23 -> 0 | AG11: BBK | AL11: BBK | AN11: BBK | AO11: =D18 -> 0 | AP11: BBK | AU11: BBK | AW11: BBK | AX11: =D19 -> 0 | AY11: BBK | BD11: BBK | BF11: BBK | BG11: =D20 -> 0 | BH11: BBK | BM11: BBK | BO11: BBK | BP11: =D21 -> 0 | BQ11: BBK | BV11: BBK | BX11: BBK | BY11: =D27 -> 0 | BZ11: BBK | CE11: BBK | CG11: BBK | CH11: =D67 -> 0 | CI11: BBK | CN11: BBK | CP11: BBK | CQ11: =D16 -> 0 | CR11: BBK | CW11: BBK | CY11: BBK | CZ11: =D28 -> 0 | DA11: BBK | DF11: BBK | DH11: BBK | DI11: =D44 -> 0 | DJ11: BBK | DO11: BBK | DQ11: BBK | DR11: =D47 -> 0 | DS11: BBK
G12: مساعدات خيرية | I12: * | AC12: MEEM | AE12: MEEM | AG12: MEEM | AL12: MEEM | AN12: MEEM | AP12: MEEM | AU12: MEEM | AW12: MEEM | AY12: MEEM | BD12: MEEM | BF12: MEEM | BH12: MEEM | BM12: MEEM | BO12: MEEM | BQ12: MEEM | BV12: MEEM | BX12: MEEM | BZ12: MEEM | CE12: MEEM | CG12: MEEM | CI12: MEEM | CN12: MEEM | CP12: MEEM | CR12: MEEM | CW12: MEEM | CY12: MEEM | DA12: MEEM | DF12: MEEM | DH12: MEEM | DJ12: MEEM | DO12: MEEM | DQ12: MEEM | DS12: MEEM
G13: مدخول اعمال حرة او خاص او جمعية او غيرها | I13: * | N13: النسبة المئوية للراتب الشهري + المدخول الإضافي | S13: النسبة المئوية للراتب الشهري + المدخول الإضافي | AC13: NBB | AE13: NBB | AG13: NBB | AH13: =D23 -> 0 | AL13: NBB | AN13: NBB | AP13: NBB | AQ13: =D18 -> 0 | AU13: NBB | AW13: NBB | AY13: NBB | AZ13: =D19 -> 0 | BD13: NBB | BF13: NBB | BH13: NBB | BI13: =D20 -> 0 | BM13: NBB | BO13: NBB | BQ13: NBB | BR13: =D21 -> 0 | BV13: NBB | BX13: NBB | BZ13: NBB | CA13: =D27 -> 0 | CE13: NBB | CG13: NBB | CI13: NBB | CJ13: =D67 -> 0 | CN13: NBB | CP13: NBB | CR13: NBB | CS13: =D16 -> 0 | CW13: NBB | CY13: NBB | DA13: NBB | DB13: =D28 -> 0 | DF13: NBB | DH13: NBB | DJ13: NBB | DK13: =D44 -> 0 | DO13: NBB | DQ13: NBB | DS13: NBB | DT13: =D47 -> 0
E14: ثياب العيد | G14: ركز اهني هل يوجد عيد في ذي الشهر حق لثياب او العيادي | I14: مجرد ملاحظة و مارح ينحسب , اختار البنك | K14: مــــــــــــــلاحظات | N14: الاستثمار | O14: ادخار الحج | P14: ادخار ( تأمين و تسجيل + ثياب العيد ) + للسفر | Q14: مصاريف متنوع | S14: الاستثمار | U14: مصاريف متنوع | AC14: بطاقة صراف الالي | AE14: بطاقة صراف الالي | AG14: بطاقة صراف الالي | AL14: بطاقة صراف الالي | AN14: بطاقة صراف الالي | AP14: بطاقة صراف الالي | AU14: بطاقة صراف الالي | AW14: بطاقة صراف الالي | AY14: بطاقة صراف الالي | BD14: بطاقة صراف الالي | BF14: بطاقة صراف الالي | BH14: بطاقة صراف الالي | BM14: بطاقة صراف الالي | BO14: بطاقة صراف الالي | BQ14: بطاقة صراف الالي | BV14: بطاقة صراف الالي | BX14: بطاقة صراف الالي | BZ14: بطاقة صراف الالي | CE14: بطاقة صراف الالي | CG14: بطاقة صراف الالي | CI14: بطاقة صراف الالي | CN14: بطاقة صراف الالي | CP14: بطاقة صراف الالي | CR14: بطاقة صراف الالي | CW14: بطاقة صراف الالي | CY14: بطاقة صراف الالي | DA14: بطاقة صراف الالي | DF14: بطاقة صراف الالي | DH14: بطاقة صراف الالي | DJ14: بطاقة صراف الالي | DO14: بطاقة صراف الالي | DQ14: بطاقة صراف الالي | DS14: بطاقة صراف الالي
B15: ذهاب الى | D15: المصاريف الشهرية وتوزيعها | N15: =(DF30+DH30+DJ30+DF41+DH41+DJ41)/(D6+D9+D10+D11+D12+D13+U83+AA83+AA89+U89)*1 -> #DIV/0! | O15: =(CW30+CY30+DA30+CW41+CY41+DA41)/(D6+D9+D10+D11+D12+D13+U83+AA83+AA89+U89)*1 -> #DIV/0! | P15: =(DO30+DQ30+DS30+DO41+DQ41+DS41+DO8+DQ8+DS8+DO19+DQ19+DS19)/(D6+D9+D10+D11+D12+D13+U83+AA83+AA89+U89)*1 -> #DIV/0! | Q15: =(D103-N7)/(D6+D9+D10+D11+D12+D13+U83+AA83+AA89+U89)*1 -> #DIV/0! | S15: =(DF30+DH30+DJ30+DF41+DH41+DJ41)/(D6+D9+D10+D11+D12+D13+U83+AA83+AA89+U89)*1 -> #DIV/0! | U15: =(D103-N7)/(D6+D9+D10+D11+D12+D13+U83+AA83+AA89+U89)*1 -> #DIV/0! | AC15: غير محسوب ذي الشهر | AE15: غير محسوب ذي الشهر | AG15: غير محسوب ذي الشهر | AL15: غير محسوب ذي الشهر | AN15: غير محسوب ذي الشهر | AP15: غير محسوب ذي الشهر | AU15: غير محسوب ذي الشهر | AW15: غير محسوب ذي الشهر | AY15: غير محسوب ذي الشهر | BD15: غير محسوب ذي الشهر | BF15: غير محسوب ذي الشهر | BH15: غير محسوب ذي الشهر | BM15: غير محسوب ذي الشهر | BO15: غير محسوب ذي الشهر | BQ15: غير محسوب ذي الشهر | BV15: غير محسوب ذي الشهر | BX15: غير محسوب ذي الشهر | BZ15: غير محسوب ذي الشهر | CE15: غير محسوب ذي الشهر | CG15: غير محسوب ذي الشهر | CI15: غير محسوب ذي الشهر | CN15: غير محسوب ذي الشهر | CP15: غير محسوب ذي الشهر | CR15: غير محسوب ذي الشهر | CW15: غير محسوب ذي الشهر | CY15: غير محسوب ذي الشهر | DA15: غير محسوب ذي الشهر | DF15: غير محسوب ذي الشهر | DH15: غير محسوب ذي الشهر | DJ15: غير محسوب ذي الشهر | DO15: غير محسوب ذي الشهر | DQ15: غير محسوب ذي الشهر | DS15: غير محسوب ذي الشهر
B16: شهر 1 | G16: بطاقة صراف الالي | H16: راتب الزوجة | I16: - | N16: =DF30+DH30+DJ30+DF41+DH41+DJ41 -> 0 | O16: =CW30+CY30+DA30+CW41+CY41+DA41 -> 0 | P16: =DO30+DQ30+DS30+DO41+DQ41+DS41+DO8+DQ8+DS8+DO19+DQ19+DS19 -> 0 | Q16: =(D6+D9+D10+D11+D12+D13+U83+AA83+AA89+U89)*Q15/1 -> #DIV/0! | S16: =DF30+DH30+DJ30+DF41+DH41+DJ41 -> 0 | U16: =(D6+D9+D10+D11+D12+D13+U83+AA83+AA89+U89)*Q15/1 -> #DIV/0!
B17: شهر 2 | G17: بطاقة صراف الالي | H17: مصروف العائلة | I17: - | N17: =(Q15+O15+N15+P15) -> #DIV/0! | P17: مجموع النسبة المئوية الكلي | S17: =(U15+S15) -> #DIV/0! | U17: مجموع النسبة المئوية الكلي
B18: شهر 3 | G18: بطاقة صراف الالي | H18: أجار الشقة او المنزل | I18: - | N18: =N16+O16+Q16+P16 -> #DIV/0! | S18: =S16+U16 -> #DIV/0! | AC18: علاج 2 | AE18: علاج 4 | AG18: علاج 6 | AI18: علاج 7 | AL18: اجار الشقة ١٫٢ | AN18: اجار الشقة ١٫٤ | AP18: اجار الشقة ١٫٦ | AR18: اجار الشقة ١٫٧ | AU18: ماجلة البيت ١٫٢ | AW18: ماجلة البيت ١٫٤ | AY18: ماجلة البيت ١٫٦ | BA18: ماجلة البيت ١٫٧ | BD18: جميع الابيال ١٫٢ | BF18: جميع الابيال ١٫٤ | BH18: جميع الابيال ١٫٦ | BJ18: جميع الابيال ١٫٧ | BM18: بيل الكهرباء ١٫٢ | BO18: بيل الكهرباء ١٫٤ | BQ18: بيل الكهرباء ١٫٦ | BS18: بيل الكهرباء ١٫٧ | BV18: بترول الجميع ١٫٢ | BX18: بترول الجميع ١٫٤ | BZ18: بترول الجميع ١٫٦ | CB18: بترول الجميع ١٫٧ | CE18: قسط بطاقة الفيزا البنكية 1.2 | CG18: قسط بطاقة الفيزا البنكية 1.4 | CI18: قسط بطاقة الفيزا البنكية 1.6 | CK18: قسط بطاقة الفيزا البنكية 1.7 | CN18: راتب الزوجة 1.2 | CP18: راتب الزوجة 1.4 | CR18: راتب الزوجة 1.6 | CT18: راتب الزوجة 1.7 | CW18: عامل التنظيف لجميع السيارات 1.2 | CY18: عامل التنظيف لجميع السيارات 1.4 | DA18: عامل التنظيف لجميع السيارات 1.6 | DC18: عامل التنظيف لجميع السيارات 1.7 | DF18: جمعية 1.2 | DH18: جمعية 1.4 | DJ18: جمعية 1.6 | DL18: جمعية 1.7 | DO18: ادخار ( تأمين و تسجيل + ثياب العيد + الروضة ) 1.2 | DQ18: ادخار ( تأمين و تسجيل + ثياب العيد + الروضة ) 1.4 | DS18: ادخار ( تأمين و تسجيل + ثياب العيد + الروضة ) 1.6 | DU18: ادخار ( تأمين و تسجيل + ثياب العيد + الروضة ) 1.7
B19: شهر 4 | G19: بطاقة صراف الالي | H19: ماچلة البيت | I19: - | N19: =1-N17 -> #DIV/0! | P19: المتبقي من الراتب | S19: =1-S17 -> #DIV/0! | U19: المتبقي من الراتب | AC19: =VLOOKUP(G23,AC20:AD26,2,FALSE) -> 0 | AE19: =VLOOKUP(G23,AE20:AF26,2,FALSE) -> 0 | AG19: =VLOOKUP(G23,AG20:AH26,2,FALSE) -> 0 | AI19: =VLOOKUP(G23,AI20:AJ26,2,FALSE) -> 0 | AL19: =VLOOKUP(G18,AL20:AM26,2,FALSE) -> 0 | AN19: =VLOOKUP(G18,AN20:AO26,2,FALSE) -> 0 | AP19: =VLOOKUP(G18,AP20:AQ26,2,FALSE) -> 0 | AR19: =VLOOKUP(G18,AR20:AS26,2,FALSE) -> 0 | AU19: =VLOOKUP(G19,AU20:AV26,2,FALSE) -> 0 | AW19: =VLOOKUP(G19,AW20:AX26,2,FALSE) -> 0 | AY19: =VLOOKUP(G19,AY20:AZ26,2,FALSE) -> 0 | BA19: =VLOOKUP(G19,BA20:BB26,2,FALSE) -> 0 | BD19: =VLOOKUP(G20,BD20:BE26,2,FALSE) -> 0 | BF19: =VLOOKUP(G20,BF20:BG26,2,FALSE) -> 0 | BH19: =VLOOKUP(G20,BH20:BI26,2,FALSE) -> 0 | BJ19: =VLOOKUP(G20,BJ20:BK26,2,FALSE) -> 0 | BM19: =VLOOKUP(G21,BM20:BN26,2,FALSE) -> 0 | BO19: =VLOOKUP(G21,BO20:BP26,2,FALSE) -> 0 | BQ19: =VLOOKUP(G21,BQ20:BR26,2,FALSE) -> 0 | BS19: =VLOOKUP(G21,BS20:BT26,2,FALSE) -> 0 | BV19: =VLOOKUP(G27,BV20:BW26,2,FALSE) -> 0 | BX19: =VLOOKUP(G27,BX20:BY26,2,FALSE) -> 0 | BZ19: =VLOOKUP(G27,BZ20:CA26,2,FALSE) -> 0 | CB19: =VLOOKUP(G27,CB20:CC26,2,FALSE) -> 0 | CE19: =VLOOKUP(H68,CE20:CF26,2,FALSE) -> 0 | CG19: =VLOOKUP(H68,CG20:CH26,2,FALSE) -> 0 | CI19: =VLOOKUP(H68,CI20:CJ26,2,FALSE) -> 0 | CK19: =VLOOKUP(H68,CK20:CL26,2,FALSE) -> 0 | CN19: =VLOOKUP(G16,CN20:CO26,2,FALSE) -> 0 | CP19: =VLOOKUP(G16,CP20:CQ26,2,FALSE) -> 0 | CR19: =VLOOKUP(G16,CR20:CS26,2,FALSE) -> 0 | CT19: =VLOOKUP(G16,CT20:CU26,2,FALSE) -> 0 | CW19: =VLOOKUP(G28,CW20:CX26,2,FALSE) -> 0 | CY19: =VLOOKUP(G28,CY20:CZ26,2,FALSE) -> 0 | DA19: =VLOOKUP(G28,DA20:DB26,2,FALSE) -> 0 | DC19: =VLOOKUP(G28,DC20:DD26,2,FALSE) -> 0 | DF19: =VLOOKUP(G44,DF20:DG26,2,FALSE) -> 0 | DH19: =VLOOKUP(G44,DH20:DI26,2,FALSE) -> 0 | DJ19: =VLOOKUP(G44,DJ20:DK26,2,FALSE) -> 0 | DL19: =VLOOKUP(G44,DL20:DM26,2,FALSE) -> 0 | DO19: =VLOOKUP(G47,DO20:DP26,2,FALSE) -> 0 | DQ19: =VLOOKUP(G47,DQ20:DR26,2,FALSE) -> 0 | DS19: =VLOOKUP(G47,DS20:DT26,2,FALSE) -> 0 | DU19: =VLOOKUP(G47,DU20:DV26,2,FALSE) -> 0
B20: شهر 5 | G20: بطاقة صراف الالي | H20: جميع الابيال الانترنت و خطوط الهاتف | I20: - | N20: =(D6+D9+D10+D11+D12+D13+U83+AA83+AA89+U89)*N19/1 -> #DIV/0! | S20: =(D6+D9+D10+D11+D12+D13+U83+AA83+AA89+U89)*S19/1 -> #DIV/0! | AC20: NBK | AE20: NBK | AG20: NBK | AI20: NBK | AL20: NBK | AN20: NBK | AP20: NBK | AR20: NBK | AU20: NBK | AW20: NBK | AY20: NBK | BA20: NBK | BD20: NBK | BF20: NBK | BH20: NBK | BJ20: NBK | BM20: NBK | BO20: NBK | BQ20: NBK | BS20: NBK | BV20: NBK | BX20: NBK | BZ20: NBK | CB20: NBK | CE20: NBK | CG20: NBK | CI20: NBK | CK20: NBK | CN20: NBK | CP20: NBK | CR20: NBK | CT20: NBK | CW20: NBK | CY20: NBK | DA20: NBK | DC20: NBK | DF20: NBK | DH20: NBK | DJ20: NBK | DL20: NBK | DO20: NBK | DQ20: NBK | DS20: NBK | DU20: NBK
B21: شهر 6 | G21: بطاقة صراف الالي | H21: بيل الكهرباء و الماء | I21: - | AC21: ILA | AD21: =D23 -> 0 | AE21: ILA | AG21: ILA | AI21: ILA | AL21: ILA | AM21: =D18 -> 0 | AN21: ILA | AP21: ILA | AR21: ILA | AU21: ILA | AV21: =D19 -> 0 | AW21: ILA | AY21: ILA | BA21: ILA | BD21: ILA | BE21: =D20 -> 0 | BF21: ILA | BH21: ILA | BJ21: ILA | BM21: ILA | BN21: =D21 -> 0 | BO21: ILA | BQ21: ILA | BS21: ILA | BV21: ILA | BW21: =D27 -> 0 | BX21: ILA | BZ21: ILA | CB21: ILA | CE21: ILA | CF21: =D67 -> 0 | CG21: ILA | CI21: ILA | CK21: ILA | CN21: ILA | CO21: =D16 -> 0 | CP21: ILA | CR21: ILA | CT21: ILA | CW21: ILA | CX21: =D28 -> 0 | CY21: ILA | DA21: ILA | DC21: ILA | DF21: ILA | DG21: =D44 -> 0 | DH21: ILA | DJ21: ILA | DL21: ILA | DO21: ILA | DP21: =D47 -> 0 | DQ21: ILA | DS21: ILA | DU21: ILA
B22: شهر 7 | G22: بطاقة صراف الالي | H22: مصروفات أخرى | I22: - | O22: مجموع الكلي الاقتطاعات للبطائق و حسابي المصرفي | AC22: BBK | AE22: BBK | AG22: BBK | AI22: BBK | AL22: BBK | AN22: BBK | AP22: BBK | AR22: BBK | AU22: BBK | AW22: BBK | AY22: BBK | BA22: BBK | BD22: BBK | BF22: BBK | BH22: BBK | BJ22: BBK | BM22: BBK | BO22: BBK | BQ22: BBK | BS22: BBK | BV22: BBK | BX22: BBK | BZ22: BBK | CB22: BBK | CE22: BBK | CG22: BBK | CI22: BBK | CK22: BBK | CN22: BBK | CP22: BBK | CR22: BBK | CT22: BBK | CW22: BBK | CY22: BBK | DA22: BBK | DC22: BBK | DF22: BBK | DH22: BBK | DJ22: BBK | DL22: BBK | DO22: BBK | DQ22: BBK | DS22: BBK | DU22: BBK
B23: شهر 8 | G23: بطاقة صراف الالي | H23: علاج | I23: - | O23: اسم البنك | P23: السعر | AC23: MEEM | AE23: MEEM | AF23: =D23 -> 0 | AG23: MEEM | AI23: MEEM | AL23: MEEM | AN23: MEEM | AO23: =D18 -> 0 | AP23: MEEM | AR23: MEEM | AU23: MEEM | AW23: MEEM | AX23: =D19 -> 0 | AY23: MEEM | BA23: MEEM | BD23: MEEM | BF23: MEEM | BG23: =D20 -> 0 | BH23: MEEM | BJ23: MEEM | BM23: MEEM | BO23: MEEM | BP23: =D21 -> 0 | BQ23: MEEM | BS23: MEEM | BV23: MEEM | BX23: MEEM | BY23: =D27 -> 0 | BZ23: MEEM | CB23: MEEM | CE23: MEEM | CG23: MEEM | CH23: =D67 -> 0 | CI23: MEEM | CK23: MEEM | CN23: MEEM | CP23: MEEM | CQ23: =D16 -> 0 | CR23: MEEM | CT23: MEEM | CW23: MEEM | CY23: MEEM | CZ23: =D28 -> 0 | DA23: MEEM | DC23: MEEM | DF23: MEEM | DH23: MEEM | DI23: =D44 -> 0 | DJ23: MEEM | DL23: MEEM | DO23: MEEM | DQ23: MEEM | DR23: =D47 -> 0 | DS23: MEEM | DU23: MEEM
B24: شهر 9 | G24: غير محسوب ذي الشهر | H24: دفع مشتريات بطاقة الفيزا متنوعة ١ | I24: - | O24: NBK | P24: =AC75+AC84+AC93+AC8+AL8+AU8+BD8+BM8+BV8+AC30+AL30+AU30+BD30+AC52+AL52+AU52+BD52+BM52+BM30+BV30+BV52+CE8+CE30+CE52+CN8+CN30+CN52+CW8+CW30+CW52+DF8+DF30+DF52+DO8+DO30 -> 0 | AC24: NBB | AE24: NBB | AG24: NBB | AI24: NBB | AL24: NBB | AN24: NBB | AP24: NBB | AR24: NBB | AU24: NBB | AW24: NBB | AY24: NBB | BA24: NBB | BD24: NBB | BF24: NBB | BH24: NBB | BJ24: NBB | BM24: NBB | BO24: NBB | BQ24: NBB | BS24: NBB | BV24: NBB | BX24: NBB | BZ24: NBB | CB24: NBB | CE24: NBB | CG24: NBB | CI24: NBB | CK24: NBB | CN24: NBB | CP24: NBB | CR24: NBB | CT24: NBB | CW24: NBB | CY24: NBB | DA24: NBB | DC24: NBB | DF24: NBB | DH24: NBB | DJ24: NBB | DL24: NBB | DO24: NBB | DQ24: NBB | DS24: NBB | DU24: NBB
B25: شهر 10 | G25: غير محسوب ذي الشهر | H25: دفع مشتريات بطاقة الفيزا متنوعة ٢ | I25: - | O25: ILA | P25: =AE75+AE84+AE93+AC19+AL19+AU19+BD19+BM19+BV19+AC41+AL41+AU41+BD41+AC63+AL63+AU63+BD63+BM63+BM41+BV41+BV63+CE19+CE41+CE63+CN19+CN41+CN63+CW19+CW41+CW63+DF19+DF41+DF63+DO19+DO41 -> 0 | AC25: بطاقة صراف الالي | AE25: بطاقة صراف الالي | AG25: بطاقة صراف الالي | AH25: =D23 -> 0 | AI25: بطاقة صراف الالي | AL25: بطاقة صراف الالي | AN25: بطاقة صراف الالي | AP25: بطاقة صراف الالي | AQ25: =D18 -> 0 | AR25: بطاقة صراف الالي | AU25: بطاقة صراف الالي | AW25: بطاقة صراف الالي | AY25: بطاقة صراف الالي | AZ25: =D19 -> 0 | BA25: بطاقة صراف الالي | BD25: بطاقة صراف الالي | BF25: بطاقة صراف الالي | BH25: بطاقة صراف الالي | BI25: =D20 -> 0 | BJ25: بطاقة صراف الالي | BM25: بطاقة صراف الالي | BO25: بطاقة صراف الالي | BQ25: بطاقة صراف الالي | BR25: =D21 -> 0 | BS25: بطاقة صراف الالي | BV25: بطاقة صراف الالي | BX25: بطاقة صراف الالي | BZ25: بطاقة صراف الالي | CA25: =D27 -> 0 | CB25: بطاقة صراف الالي | CE25: بطاقة صراف الالي | CG25: بطاقة صراف الالي | CI25: بطاقة صراف الالي | CJ25: =D67 -> 0 | CK25: بطاقة صراف الالي | CN25: بطاقة صراف الالي | CP25: بطاقة صراف الالي | CR25: بطاقة صراف الالي | CS25: =D16 -> 0 | CT25: بطاقة صراف الالي | CW25: بطاقة صراف الالي | CY25: بطاقة صراف الالي | DA25: بطاقة صراف الالي | DB25: =D28 -> 0 | DC25: بطاقة صراف الالي | DF25: بطاقة صراف الالي | DH25: بطاقة صراف الالي | DJ25: بطاقة صراف الالي | DK25: =D44 -> 0 | DL25: بطاقة صراف الالي | DO25: بطاقة صراف الالي | DQ25: بطاقة صراف الالي | DS25: بطاقة صراف الالي | DT25: =D47 -> 0 | DU25: بطاقة صراف الالي
B26: شهر 11 | G26: غير محسوب ذي الشهر | H26: دفع مشتريات بطاقة الفيزا متنوعة ٣ | I26: - | O26: BBK | P26: =AG75+AG84+AG93+AE8+AN8+AW8+BF8+BO8+BX8+AE30+AN30+AW30+BF30+AE52+AN52+AW52+BF52+BO52+BO30+BX30+BX52+CG8+CG30+CG52+CP8+CP30+CP52+CY8+CY30+CY52+DH8+DH30+DH52+DQ8+DQ30 -> 0 | AC26: غير محسوب ذي الشهر | AE26: غير محسوب ذي الشهر | AG26: غير محسوب ذي الشهر | AI26: غير محسوب ذي الشهر | AJ26: =D23 -> 0 | AL26: غير محسوب ذي الشهر | AN26: غير محسوب ذي الشهر | AP26: غير محسوب ذي الشهر | AR26: غير محسوب ذي الشهر | AS26: =D18 -> 0 | AU26: غير محسوب ذي الشهر | AW26: غير محسوب ذي الشهر | AY26: غير محسوب ذي الشهر | BA26: غير محسوب ذي الشهر | BB26: =D19 -> 0 | BD26: غير محسوب ذي الشهر | BF26: غير محسوب ذي الشهر | BH26: غير محسوب ذي الشهر | BJ26: غير محسوب ذي الشهر | BK26: =D20 -> 0 | BM26: غير محسوب ذي الشهر | BO26: غير محسوب ذي الشهر | BQ26: غير محسوب ذي الشهر | BS26: غير محسوب ذي الشهر | BT26: =D21 -> 0 | BV26: غير محسوب ذي الشهر | BX26: غير محسوب ذي الشهر | BZ26: غير محسوب ذي الشهر | CB26: غير محسوب ذي الشهر | CC26: =D27 -> 0 | CE26: غير محسوب ذي الشهر | CG26: غير محسوب ذي الشهر | CI26: غير محسوب ذي الشهر | CK26: غير محسوب ذي الشهر | CL26: =D67 -> 0 | CN26: غير محسوب ذي الشهر | CP26: غير محسوب ذي الشهر | CR26: غير محسوب ذي الشهر | CT26: غير محسوب ذي الشهر | CU26: =D16 -> 0 | CW26: غير محسوب ذي الشهر | CY26: غير محسوب ذي الشهر | DA26: غير محسوب ذي الشهر | DC26: غير محسوب ذي الشهر | DD26: =D28 -> 0 | DF26: غير محسوب ذي الشهر | DH26: غير محسوب ذي الشهر | DJ26: غير محسوب ذي الشهر | DL26: غير محسوب ذي الشهر | DM26: =D44 -> 0 | DO26: غير محسوب ذي الشهر | DQ26: غير محسوب ذي الشهر | DS26: غير محسوب ذي الشهر | DU26: غير محسوب ذي الشهر | DV26: =D47 -> 0
B27: شهر 12 | G27: بطاقة صراف الالي | H27: بترول جميع السيارات | I27: - | O27: MEEM | P27: =AI75+AI84+AI93+AE19+AN19+AW19+BF19+BO19+BX19+AE41+AN41+AW41+BF41+AE63+AN63+AW63+BF63+BO63+BO41+BX41+BX63+CG19+CG41+CG63+CP19+CP41+CP63+CY19+CY41+CY63+DH19+DH41+DH63+DQ19+DQ41 -> 0
B28: سلف و دين واقساط | G28: بطاقة صراف الالي | H28: عامل التنظيف لجميع السيارات | I28: - | O28: NBB | P28: =AK75+AK84+AK93+AG8+AP8+AY8+BH8+BQ8+BZ8+AG30+AP30+AY30+BH30+AG52+AP52+AY52+BH52+BQ52+BQ30+BZ30+BZ52+CI8+CI30+CI52+CR8+CR30+CR52+DA8+DA30+DA52+DJ8+DJ30+DJ52+DS8+DS30 -> 0
G29: بطاقة صراف الالي | H29: تصليح السيارة ( تبديل قطع غيار , صباغة و غيره) | I29: - | O29: بطاقة صراف الالي | P29: =AG19+AP19+AY19+BH19+BQ19+BZ19+AG41+AP41+AY41+AG63+AP63+AY63+BH63+BQ63+BQ41+BZ41+BZ63+BH41+CI19+CI41+CI63+CR19+CR41+CR63+DA19+DA41+DA63+DJ19+DJ41+DJ63+DS19+DS41 -> 0 | AC29: تصليح سيارة ١٫١ | AE29: تصليح سيارة ١٫٣ | AG29: تصليح سيارة ١٫٥ | AL29: تصليح سيارة 2.1 | AN29: تصليح سيارة 2.3 | AP29: تصليح سيارة 2.5 | AU29: تعديل البيت ١٫١ | AW29: تعديل البيت ١٫٣ | AY29: تعديل البيت ١٫٥ | BD29: تعديل البيت ٢٫١ | BF29: تعديل البيت ٢٫٣ | BH29: تعديل البيت ٢٫٥ | BM29: دروس تقوية للأطفال و الكبار 1.1 | BO29: دروس تقوية للأطفال و الكبار 1.3 | BQ29: دروس تقوية للأطفال و الكبار 1.5 | BV29: احتياجات ألاطفال 1.1 | BX29: احتياجات ألاطفال 1.3 | BZ29: احتياجات ألاطفال 1.5 | CE29: قسط البنك 1.1 | CG29: قسط البنك 1.3 | CI29: قسط البنك 1.5 | CN29: مصروف العائلة 1.1 | CP29: مصروف العائلة 1.3 | CR29: مصروف العائلة 1.5 | CW29: ادخار للحج 1.1 | CY29: ادخار للحج 1.3 | DA29: ادخار للحج 1.5 | DF29: استثمار 1.1 | DH29: استثمار 1.3 | DJ29: استثمار 1.5 | DO29: ادخار للسفر 1.1 | DQ29: ادخار للسفر 1.3 | DS29: ادخار للسفر 1.5
G30: بطاقة صراف الالي | I30: - | O30: غير محسوب ذي الشهر | P30: =AM93+AM84+AM75+AI19+AI41+AI63+AR19+AR41+AR63+BA19+BA41+BA63+BJ19+BJ41+BJ63+BS63+BS41+BS19+CB19+CB41+CB63+CK19+CK41+CK63+CT19+CT41+CT63+DC19+DC41+DC63+DL19+DL41+DL63+DU19+DU41 -> 0 | AC30: =VLOOKUP(G29,AC31:AD37,2,FALSE) -> 0 | AE30: =VLOOKUP(G29,AE31:AF37,2,FALSE) -> 0 | AG30: =VLOOKUP(G29,AG31:AH37,2,FALSE) -> 0 | AL30: =VLOOKUP(G30,AL31:AM37,2,FALSE) -> 0 | AN30: =VLOOKUP(G30,AN31:AO37,2,FALSE) -> 0 | AP30: =VLOOKUP(G30,AP31:AQ37,2,FALSE) -> 0 | AU30: =VLOOKUP(G31,AU31:AV37,2,FALSE) -> 0 | AW30: =VLOOKUP(G31,AW31:AX37,2,FALSE) -> 0 | AY30: =VLOOKUP(G31,AY31:AZ37,2,FALSE) -> 0 | BD30: =VLOOKUP(G32,BD31:BE37,2,FALSE) -> 0 | BF30: =VLOOKUP(G32,BF31:BG37,2,FALSE) -> 0 | BH30: =VLOOKUP(G32,BH31:BI37,2,FALSE) -> 0 | BM30: =VLOOKUP(G39,BM31:BN37,2,FALSE) -> 0 | BO30: =VLOOKUP(G39,BO31:BP37,2,FALSE) -> 0 | BQ30: =VLOOKUP(G39,BQ31:BR37,2,FALSE) -> 0 | BV30: =VLOOKUP(G40,BV31:BW37,2,FALSE) -> 0 | BX30: =VLOOKUP(G40,BX31:BY37,2,FALSE) -> 0 | BZ30: =VLOOKUP(G40,BZ31:CA37,2,FALSE) -> 0 | CE30: =VLOOKUP(H74,CE31:CF37,2,FALSE) -> 0 | CG30: =VLOOKUP(H74,CG31:CH37,2,FALSE) -> 0 | CI30: =VLOOKUP(H74,CI31:CJ37,2,FALSE) -> 0 | CN30: =VLOOKUP(G17,CN31:CO37,2,FALSE) -> 0 | CP30: =VLOOKUP(G17,CP31:CQ37,2,FALSE) -> 0 | CR30: =VLOOKUP(G17,CR31:CS37,2,FALSE) -> 0 | CW30: =VLOOKUP(G42,CW31:CX37,2,FALSE) -> 0 | CY30: =VLOOKUP(G42,CY31:CZ37,2,FALSE) -> 0 | DA30: =VLOOKUP(G42,DA31:DB37,2,FALSE) -> 0 | DF30: =VLOOKUP(G45,DF31:DG37,2,FALSE) -> 0 | DH30: =VLOOKUP(G45,DH31:DI37,2,FALSE) -> 0 | DJ30: =VLOOKUP(G45,DJ31:DK37,2,FALSE) -> 0 | DO30: =VLOOKUP(G48,DO31:DP37,2,FALSE) -> 0 | DQ30: =VLOOKUP(G48,DQ31:DR37,2,FALSE) -> 0 | DS30: =VLOOKUP(G48,DS31:DT37,2,FALSE) -> 0
G31: بطاقة صراف الالي | H31: تعديل او تصليح او ( إضافة في المنزل مثل شراء أغراض ) | I31: - | AC31: NBK | AD31: =D29 -> 0 | AE31: NBK | AG31: NBK | AL31: NBK | AM31: =D30 -> 0 | AN31: NBK | AP31: NBK | AU31: NBK | AV31: =D31 -> 0 | AW31: NBK | AY31: NBK | BD31: NBK | BE31: =D32 -> 0 | BF31: NBK | BH31: NBK | BM31: NBK | BN31: =D39 -> 0 | BO31: NBK | BQ31: NBK | BV31: NBK | BW31: =D41+E41+F41 -> 0 | BX31: NBK | BZ31: NBK | CE31: NBK | CF31: =D73 -> 0 | CG31: NBK | CI31: NBK | CN31: NBK | CO31: =D17 -> 0 | CP31: NBK | CR31: NBK | CW31: NBK | CX31: =D42 -> 0 | CY31: NBK | DA31: NBK | DF31: NBK | DG31: =D45 -> 0 | DH31: NBK | DJ31: NBK | DO31: NBK | DP31: =D48 -> 0 | DQ31: NBK | DS31: NBK
G32: بطاقة صراف الالي | I32: - | AC32: ILA | AE32: ILA | AG32: ILA | AL32: ILA | AN32: ILA | AP32: ILA | AU32: ILA | AW32: ILA | AY32: ILA | BD32: ILA | BF32: ILA | BH32: ILA | BM32: ILA | BO32: ILA | BQ32: ILA | BV32: ILA | BX32: ILA | BZ32: ILA | CE32: ILA | CG32: ILA | CI32: ILA | CN32: ILA | CP32: ILA | CR32: ILA | CW32: ILA | CY32: ILA | DA32: ILA | DF32: ILA | DH32: ILA | DJ32: ILA | DO32: ILA | DQ32: ILA | DS32: ILA
G33: - | H33: تكاليف العيدميلاد | AC33: BBK | AE33: BBK | AF33: =D29 -> 0 | AG33: BBK | AL33: BBK | AN33: BBK | AO33: =D30 -> 0 | AP33: BBK | AU33: BBK | AW33: BBK | AX33: =D31 -> 0 | AY33: BBK | BD33: BBK | BF33: BBK | BG33: =D32 -> 0 | BH33: BBK | BM33: BBK | BO33: BBK | BP33: =D39 -> 0 | BQ33: BBK | BV33: BBK | BX33: BBK | BY33: =D41+E41+F41 -> 0 | BZ33: BBK | CE33: BBK | CG33: BBK | CH33: =D73 -> 0 | CI33: BBK | CN33: BBK | CP33: BBK | CQ33: =D17 -> 0 | CR33: BBK | CW33: BBK | CY33: BBK | CZ33: =D42 -> 0 | DA33: BBK | DF33: BBK | DH33: BBK | DI33: =D45 -> 0 | DJ33: BBK | DO33: BBK | DQ33: BBK | DR33: =D48 -> 0 | DS33: BBK
G34: بطاقة صراف الالي | I34: - | O34: بطاقة الفيزاء مجرد معلومات عامة ( غير محسوب في الجدول ) | AC34: MEEM | AE34: MEEM | AG34: MEEM | AL34: MEEM | AN34: MEEM | AP34: MEEM | AU34: MEEM | AW34: MEEM | AY34: MEEM | BD34: MEEM | BF34: MEEM | BH34: MEEM | BM34: MEEM | BO34: MEEM | BQ34: MEEM | BV34: MEEM | BX34: MEEM | BZ34: MEEM | CE34: MEEM | CG34: MEEM | CI34: MEEM | CN34: MEEM | CP34: MEEM | CR34: MEEM | CW34: MEEM | CY34: MEEM | DA34: MEEM | DF34: MEEM | DH34: MEEM | DJ34: MEEM | DO34: MEEM | DQ34: MEEM | DS34: MEEM
G35: بطاقة صراف الالي | H35: مدرسة خاصة | I35: - | P35: الي لازم ادفع | AC35: NBB | AE35: NBB | AG35: NBB | AH35: =D29 -> 0 | AL35: NBB | AN35: NBB | AP35: NBB | AQ35: =D30 -> 0 | AU35: NBB | AW35: NBB | AY35: NBB | AZ35: =D31 -> 0 | BD35: NBB | BF35: NBB | BH35: NBB | BI35: =D32 -> 0 | BM35: NBB | BO35: NBB | BQ35: NBB | BR35: =D39 -> 0 | BV35: NBB | BX35: NBB | BZ35: NBB | CA35: =D41+E41+F41 -> 0 | CE35: NBB | CG35: NBB | CI35: NBB | CJ35: =D73 -> 0 | CN35: NBB | CP35: NBB | CR35: NBB | CS35: =D17 -> 0 | CW35: NBB | CY35: NBB | DA35: NBB | DB35: =D42 -> 0 | DF35: NBB | DH35: NBB | DJ35: NBB | DK35: =D45 -> 0 | DO35: NBB | DQ35: NBB | DS35: NBB | DT35: =D48 -> 0
G36: بطاقة صراف الالي | H36: روضة | I36: - | P36: تامين مالي + تسجيل سيارة | AC36: بطاقة صراف الالي | AE36: بطاقة صراف الالي | AG36: بطاقة صراف الالي | AL36: بطاقة صراف الالي | AN36: بطاقة صراف الالي | AP36: بطاقة صراف الالي | AU36: بطاقة صراف الالي | AW36: بطاقة صراف الالي | AY36: بطاقة صراف الالي | BD36: بطاقة صراف الالي | BF36: بطاقة صراف الالي | BH36: بطاقة صراف الالي | BM36: بطاقة صراف الالي | BO36: بطاقة صراف الالي | BQ36: بطاقة صراف الالي | BV36: بطاقة صراف الالي | BX36: بطاقة صراف الالي | BZ36: بطاقة صراف الالي | CE36: بطاقة صراف الالي | CG36: بطاقة صراف الالي | CI36: بطاقة صراف الالي | CN36: بطاقة صراف الالي | CP36: بطاقة صراف الالي | CR36: بطاقة صراف الالي | CW36: بطاقة صراف الالي | CY36: بطاقة صراف الالي | DA36: بطاقة صراف الالي | DF36: بطاقة صراف الالي | DH36: بطاقة صراف الالي | DJ36: بطاقة صراف الالي | DO36: بطاقة صراف الالي | DQ36: بطاقة صراف الالي | DS36: بطاقة صراف الالي
G37: بطاقة صراف الالي | H37: جامعة | I37: - | P37: تامين + تسجيل سيارة ابوي | AC37: غير محسوب ذي الشهر | AE37: غير محسوب ذي الشهر | AG37: غير محسوب ذي الشهر | AL37: غير محسوب ذي الشهر | AN37: غير محسوب ذي الشهر | AP37: غير محسوب ذي الشهر | AU37: غير محسوب ذي الشهر | AW37: غير محسوب ذي الشهر | AY37: غير محسوب ذي الشهر | BD37: غير محسوب ذي الشهر | BF37: غير محسوب ذي الشهر | BH37: غير محسوب ذي الشهر | BM37: غير محسوب ذي الشهر | BO37: غير محسوب ذي الشهر | BQ37: غير محسوب ذي الشهر | BV37: غير محسوب ذي الشهر | BX37: غير محسوب ذي الشهر | BZ37: غير محسوب ذي الشهر | CE37: غير محسوب ذي الشهر | CG37: غير محسوب ذي الشهر | CI37: غير محسوب ذي الشهر | CN37: غير محسوب ذي الشهر | CP37: غير محسوب ذي الشهر | CR37: غير محسوب ذي الشهر | CW37: غير محسوب ذي الشهر | CY37: غير محسوب ذي الشهر | DA37: غير محسوب ذي الشهر | DF37: غير محسوب ذي الشهر | DH37: غير محسوب ذي الشهر | DJ37: غير محسوب ذي الشهر | DO37: غير محسوب ذي الشهر | DQ37: غير محسوب ذي الشهر | DS37: غير محسوب ذي الشهر
G38: بطاقة صراف الالي | H38: مواصلات المدرسة او الجامعة | I38: - | P38: كهرباء
G39: بطاقة صراف الالي | H39: دروس تقوية للأطفال و الكبار | I39: - | P39: بيل تلفوني + الفايبر
D40: العيد | E40: الملابس | F40: المدرسة | G40: بطاقة صراف الالي | H40: احتياجات ألاطفال | I40: - | P40: تصليح سيارتي | AC40: تصليح سيارة ١٫٢ | AE40: تصليح سيارة ١٫٤ | AG40: تصليح سيارة ١٫٦ | AI40: تصليح سيارة ١٫٧ | AL40: تصليح سيارة 2.2 | AN40: تصليح سيارة 2.4 | AP40: تصليح سيارة 2.6 | AR40: تصليح سيارة 2.7 | AU40: تعديل البيت ١٫٢ | AW40: تعديل البيت ١٫٤ | AY40: تعديل البيت ١٫٦ | BA40: تعديل البيت ١٫٧ | BD40: تعديل البيت ٢٫٢ | BF40: تعديل البيت ٢٫٤ | BH40: تعديل البيت ٢٫٦ | BJ40: تعديل البيت ٢٫٧ | BM40: دروس تقوية للأطفال و الكبار 1.2 | BO40: دروس تقوية للأطفال و الكبار 1.4 | BQ40: دروس تقوية للأطفال و الكبار 1.6 | BS40: دروس تقوية للأطفال و الكبار 1.7 | BV40: احتياجات ألاطفال 1.2 | BX40: احتياجات ألاطفال 1.4 | BZ40: احتياجات ألاطفال 1.6 | CB40: احتياجات ألاطفال 1.7 | CE40: قسط البنك 1.2 | CG40: قسط البنك 1.4 | CI40: قسط البنك 1.6 | CK40: قسط البنك 1.7 | CN40: مصروف العائلة 1.2 | CP40: مصروف العائلة 1.4 | CR40: مصروف العائلة 1.6 | CT40: مصروف العائلة 1.7 | CW40: ادخار للحج 1.2 | CY40: ادخار للحج 1.4 | DA40: ادخار للحج 1.6 | DC40: ادخار للحج 1.7 | DF40: استثمار 1.2 | DH40: استثمار 1.4 | DJ40: استثمار 1.6 | DL40: استثمار 1.7 | DO40: ادخار للسفر 1.2 | DQ40: ادخار للسفر 1.4 | DS40: ادخار للسفر 1.6 | DU40: ادخار للسفر 1.7
P41: تصليح أي شي كهربائي فالمنزل | AC41: =VLOOKUP(G29,AC42:AD48,2,FALSE) -> 0 | AE41: =VLOOKUP(G29,AE42:AF48,2,FALSE) -> 0 | AG41: =VLOOKUP(G29,AG42:AH48,2,FALSE) -> 0 | AI41: =VLOOKUP(G29,AI42:AJ48,2,FALSE) -> 0 | AL41: =VLOOKUP(G30,AL42:AM48,2,FALSE) -> 0 | AN41: =VLOOKUP(G30,AN42:AO48,2,FALSE) -> 0 | AP41: =VLOOKUP(G30,AP42:AQ48,2,FALSE) -> 0 | AR41: =VLOOKUP(G30,AR42:AS48,2,FALSE) -> 0 | AU41: =VLOOKUP(G31,AU42:AV48,2,FALSE) -> 0 | AW41: =VLOOKUP(G31,AW42:AX48,2,FALSE) -> 0 | AY41: =VLOOKUP(G31,AY42:AZ48,2,FALSE) -> 0 | BA41: =VLOOKUP(G31,BA42:BB48,2,FALSE) -> 0 | BD41: =VLOOKUP(G32,BD42:BE48,2,FALSE) -> 0 | BF41: =VLOOKUP(G32,BF42:BG48,2,FALSE) -> 0 | BH41: =VLOOKUP(G32,BH42:BI48,2,FALSE) -> 0 | BJ41: =VLOOKUP(G32,BJ42:BK48,2,FALSE) -> 0 | BM41: =VLOOKUP(G39,BM42:BN48,2,FALSE) -> 0 | BO41: =VLOOKUP(G39,BO42:BP48,2,FALSE) -> 0 | BQ41: =VLOOKUP(G39,BQ42:BR48,2,FALSE) -> 0 | BS41: =VLOOKUP(G39,BS42:BT48,2,FALSE) -> 0 | BV41: =VLOOKUP(G40,BV42:BW48,2,FALSE) -> 0 | BX41: =VLOOKUP(G40,BX42:BY48,2,FALSE) -> 0 | BZ41: =VLOOKUP(G40,BZ42:CA48,2,FALSE) -> 0 | CB41: =VLOOKUP(G40,CB42:CC48,2,FALSE) -> 0 | CE41: =VLOOKUP(H74,CE42:CF48,2,FALSE) -> 0 | CG41: =VLOOKUP(H74,CG42:CH48,2,FALSE) -> 0 | CI41: =VLOOKUP(H74,CI42:CJ48,2,FALSE) -> 0 | CK41: =VLOOKUP(H74,CK42:CL48,2,FALSE) -> 0 | CN41: =VLOOKUP(G17,CN42:CO48,2,FALSE) -> 0 | CP41: =VLOOKUP(G17,CP42:CQ48,2,FALSE) -> 0 | CR41: =VLOOKUP(G17,CR42:CS48,2,FALSE) -> 0 | CT41: =VLOOKUP(G17,CT42:CU48,2,FALSE) -> 0 | CW41: =VLOOKUP(G42,CW42:CX48,2,FALSE) -> 0 | CY41: =VLOOKUP(G42,CY42:CZ48,2,FALSE) -> 0 | DA41: =VLOOKUP(G42,DA42:DB48,2,FALSE) -> 0 | DC41: =VLOOKUP(G42,DC42:DD48,2,FALSE) -> 0 | DF41: =VLOOKUP(G45,DF42:DG48,2,FALSE) -> 0 | DH41: =VLOOKUP(G45,DH42:DI48,2,FALSE) -> 0 | DJ41: =VLOOKUP(G45,DJ42:DK48,2,FALSE) -> 0 | DL41: =VLOOKUP(G45,DL42:DM48,2,FALSE) -> 0 | DO41: =VLOOKUP(G48,DO42:DP48,2,FALSE) -> 0 | DQ41: =VLOOKUP(G48,DQ42:DR48,2,FALSE) -> 0 | DS41: =VLOOKUP(G48,DS42:DT48,2,FALSE) -> 0 | DU41: =VLOOKUP(G48,DU42:DV48,2,FALSE) -> 0
G42: بطاقة صراف الالي | H42: ادخار للحج | I42: - | P42: تصليح أي شي الكتروني فالمنزل | AC42: NBK | AE42: NBK | AG42: NBK | AI42: NBK | AL42: NBK | AN42: NBK | AP42: NBK | AR42: NBK | AU42: NBK | AW42: NBK | AY42: NBK | BA42: NBK | BD42: NBK | BF42: NBK | BH42: NBK | BJ42: NBK | BM42: NBK | BO42: NBK | BQ42: NBK | BS42: NBK | BV42: NBK | BX42: NBK | BZ42: NBK | CB42: NBK | CE42: NBK | CG42: NBK | CI42: NBK | CK42: NBK | CN42: NBK | CP42: NBK | CR42: NBK | CT42: NBK | CW42: NBK | CY42: NBK | DA42: NBK | DC42: NBK | DF42: NBK | DH42: NBK | DJ42: NBK | DL42: NBK | DO42: NBK | DQ42: NBK | DS42: NBK | DU42: NBK
G43: بطاقة صراف الالي | H43: مساعدات انسانية | I43: - | P43: أخرى | AC43: ILA | AD43: =D29 -> 0 | AE43: ILA | AG43: ILA | AI43: ILA | AL43: ILA | AM43: =D30 -> 0 | AN43: ILA | AP43: ILA | AR43: ILA | AU43: ILA | AV43: =D31 -> 0 | AW43: ILA | AY43: ILA | BA43: ILA | BD43: ILA | BE43: =D32 -> 0 | BF43: ILA | BH43: ILA | BJ43: ILA | BM43: ILA | BN43: =D39 -> 0 | BO43: ILA | BQ43: ILA | BS43: ILA | BV43: ILA | BW43: =D41+E41+F41 -> 0 | BX43: ILA | BZ43: ILA | CB43: ILA | CE43: ILA | CF43: =D73 -> 0 | CG43: ILA | CI43: ILA | CK43: ILA | CN43: ILA | CO43: =D17 -> 0 | CP43: ILA | CR43: ILA | CT43: ILA | CW43: ILA | CX43: =D42 -> 0 | CY43: ILA | DA43: ILA | DC43: ILA | DF43: ILA | DG43: =D45 -> 0 | DH43: ILA | DJ43: ILA | DL43: ILA | DO43: ILA | DP43: =D48 -> 0 | DQ43: ILA | DS43: ILA | DU43: ILA
G44: بطاقة صراف الالي | H44: جمعية | I44: - | O44: =O35-O36-O37-O38-O39-O43-O40-O41-O42 -> 0 | P44: مجموع مشتريات متنوعة للفيزاء | AC44: BBK | AE44: BBK | AG44: BBK | AI44: BBK | AL44: BBK | AN44: BBK | AP44: BBK | AR44: BBK | AU44: BBK | AW44: BBK | AY44: BBK | BA44: BBK | BD44: BBK | BF44: BBK | BH44: BBK | BJ44: BBK | BM44: BBK | BO44: BBK | BQ44: BBK | BS44: BBK | BV44: BBK | BX44: BBK | BZ44: BBK | CB44: BBK | CE44: BBK | CG44: BBK | CI44: BBK | CK44: BBK | CN44: BBK | CP44: BBK | CR44: BBK | CT44: BBK | CW44: BBK | CY44: BBK | DA44: BBK | DC44: BBK | DF44: BBK | DH44: BBK | DJ44: BBK | DL44: BBK | DO44: BBK | DQ44: BBK | DS44: BBK | DU44: BBK
G45: بطاقة صراف الالي | H45: استثمار | I45: - | AC45: MEEM | AE45: MEEM | AF45: =D29 -> 0 | AG45: MEEM | AI45: MEEM | AL45: MEEM | AN45: MEEM | AO45: =D30 -> 0 | AP45: MEEM | AR45: MEEM | AU45: MEEM | AW45: MEEM | AX45: =D31 -> 0 | AY45: MEEM | BA45: MEEM | BD45: MEEM | BF45: MEEM | BG45: =D32 -> 0 | BH45: MEEM | BJ45: MEEM | BM45: MEEM | BO45: MEEM | BP45: =D39 -> 0 | BQ45: MEEM | BS45: MEEM | BV45: MEEM | BX45: MEEM | BY45: =D41+E41+F41 -> 0 | BZ45: MEEM | CB45: MEEM | CE45: MEEM | CG45: MEEM | CH45: =D73 -> 0 | CI45: MEEM | CK45: MEEM | CN45: MEEM | CP45: MEEM | CQ45: =D17 -> 0 | CR45: MEEM | CT45: MEEM | CW45: MEEM | CY45: MEEM | CZ45: =D42 -> 0 | DA45: MEEM | DC45: MEEM | DF45: MEEM | DH45: MEEM | DI45: =D45 -> 0 | DJ45: MEEM | DL45: MEEM | DO45: MEEM | DQ45: MEEM | DR45: =D48 -> 0 | DS45: MEEM | DU45: MEEM
F46: الفطر | G46: بطاقة صراف الالي | H46: عيادي العيد | I46: - | AC46: NBB | AE46: NBB | AG46: NBB | AI46: NBB | AL46: NBB | AN46: NBB | AP46: NBB | AR46: NBB | AU46: NBB | AW46: NBB | AY46: NBB | BA46: NBB | BD46: NBB | BF46: NBB | BH46: NBB | BJ46: NBB | BM46: NBB | BO46: NBB | BQ46: NBB | BS46: NBB | BV46: NBB | BX46: NBB | BZ46: NBB | CB46: NBB | CE46: NBB | CG46: NBB | CI46: NBB | CK46: NBB | CN46: NBB | CP46: NBB | CR46: NBB | CT46: NBB | CW46: NBB | CY46: NBB | DA46: NBB | DC46: NBB | DF46: NBB | DH46: NBB | DJ46: NBB | DL46: NBB | DO46: NBB | DQ46: NBB | DS46: NBB | DU46: NBB
G47: بطاقة صراف الالي | H47: ادخار ( تأمين و تسجيل + ثياب العيد + الروضة ) | I47: - | AC47: بطاقة صراف الالي | AE47: بطاقة صراف الالي | AG47: بطاقة صراف الالي | AH47: =D29 -> 0 | AI47: بطاقة صراف الالي | AL47: بطاقة صراف الالي | AN47: بطاقة صراف الالي | AP47: بطاقة صراف الالي | AQ47: =D30 -> 0 | AR47: بطاقة صراف الالي | AU47: بطاقة صراف الالي | AW47: بطاقة صراف الالي | AY47: بطاقة صراف الالي | AZ47: =D31 -> 0 | BA47: بطاقة صراف الالي | BD47: بطاقة صراف الالي | BF47: بطاقة صراف الالي | BH47: بطاقة صراف الالي | BI47: =D32 -> 0 | BJ47: بطاقة صراف الالي | BM47: بطاقة صراف الالي | BO47: بطاقة صراف الالي | BQ47: بطاقة صراف الالي | BR47: =D39 -> 0 | BS47: بطاقة صراف الالي | BV47: بطاقة صراف الالي | BX47: بطاقة صراف الالي | BZ47: بطاقة صراف الالي | CA47: =D41+E41+F41 -> 0 | CB47: بطاقة صراف الالي | CE47: بطاقة صراف الالي | CG47: بطاقة صراف الالي | CI47: بطاقة صراف الالي | CJ47: =D73 -> 0 | CK47: بطاقة صراف الالي | CN47: بطاقة صراف الالي | CP47: بطاقة صراف الالي | CR47: بطاقة صراف الالي | CS47: =D17 -> 0 | CT47: بطاقة صراف الالي | CW47: بطاقة صراف الالي | CY47: بطاقة صراف الالي | DA47: بطاقة صراف الالي | DB47: =D42 -> 0 | DC47: بطاقة صراف الالي | DF47: بطاقة صراف الالي | DH47: بطاقة صراف الالي | DJ47: بطاقة صراف الالي | DK47: =D45 -> 0 | DL47: بطاقة صراف الالي | DO47: بطاقة صراف الالي | DQ47: بطاقة صراف الالي | DS47: بطاقة صراف الالي | DT47: =D48 -> 0 | DU47: بطاقة صراف الالي
G48: بطاقة صراف الالي | H48: ادخار للسفر | I48: - | AC48: غير محسوب ذي الشهر | AE48: غير محسوب ذي الشهر | AG48: غير محسوب ذي الشهر | AI48: غير محسوب ذي الشهر | AJ48: =D29 -> 0 | AL48: غير محسوب ذي الشهر | AN48: غير محسوب ذي الشهر | AP48: غير محسوب ذي الشهر | AR48: غير محسوب ذي الشهر | AS48: =D30 -> 0 | AU48: غير محسوب ذي الشهر | AW48: غير محسوب ذي الشهر | AY48: غير محسوب ذي الشهر | BA48: غير محسوب ذي الشهر | BB48: =D31 -> 0 | BD48: غير محسوب ذي الشهر | BF48: غير محسوب ذي الشهر | BH48: غير محسوب ذي الشهر | BJ48: غير محسوب ذي الشهر | BK48: =D32 -> 0 | BM48: غير محسوب ذي الشهر | BO48: غير محسوب ذي الشهر | BQ48: غير محسوب ذي الشهر | BS48: غير محسوب ذي الشهر | BT48: =D39 -> 0 | BV48: غير محسوب ذي الشهر | BX48: غير محسوب ذي الشهر | BZ48: غير محسوب ذي الشهر | CB48: غير محسوب ذي الشهر | CC48: =D41+E41+F41 -> 0 | CE48: غير محسوب ذي الشهر | CG48: غير محسوب ذي الشهر | CI48: غير محسوب ذي الشهر | CK48: غير محسوب ذي الشهر | CL48: =D73 -> 0 | CN48: غير محسوب ذي الشهر | CP48: غير محسوب ذي الشهر | CR48: غير محسوب ذي الشهر | CT48: غير محسوب ذي الشهر | CU48: =D17 -> 0 | CW48: غير محسوب ذي الشهر | CY48: غير محسوب ذي الشهر | DA48: غير محسوب ذي الشهر | DC48: غير محسوب ذي الشهر | DD48: =D42 -> 0 | DF48: غير محسوب ذي الشهر | DH48: غير محسوب ذي الشهر | DJ48: غير محسوب ذي الشهر | DL48: غير محسوب ذي الشهر | DM48: =D45 -> 0 | DO48: غير محسوب ذي الشهر | DQ48: غير محسوب ذي الشهر | DS48: غير محسوب ذي الشهر | DU48: غير محسوب ذي الشهر | DV48: =D48 -> 0
D50: ='سلف و دين واقساط'!D6 -> العام الماضي | G50: ديــــن: | J50: ='سلف و دين واقساط'!D26 -> السنة الحالية | L50: ديــــن:
G51: للتعديل او الاضافة اذهب الى صفحة سلف و دين و الاقساط | L51: للتعديل او الاضافة اذهب الى صفحة سلف و دين و الاقساط | AC51: عيدميلاد ١٫١ | AE51: عيدميلاد ١٫٣ | AG51: عيدميلاد ١٫٥ | AL51: مدرسة خاصة ١٫١ | AN51: مدرسة خاصة ١٫٣ | AP51: مدرسة خاصة ١٫٥ | AU51: روضة ١٫١ | AW51: روضة ١٫٣ | AY51: روضة ١٫٥ | BD51: جامعة ١٫١ | BF51: جامعة ١٫٣ | BH51: جامعة ١٫٥ | BM51: مواصلات المدرسة او الجامعة 1.1 | BO51: مواصلات المدرسة او الجامعة 1.3 | BQ51: مواصلات المدرسة او الجامعة 1.5 | BV51: تامين + التسجيل السنوي لجميع السيارات 1.1 | BX51: تامين + التسجيل السنوي لجميع السيارات 1.3 | BZ51: تامين + التسجيل السنوي لجميع السيارات 1.5 | CE51: قسط متنوع 1.1 | CG51: قسط متنوع 1.3 | CI51: قسط متنوع 1.5 | CN51: مصروفات أخرى 1.1 | CP51: مصروفات أخرى 1.3 | CR51: مصروفات أخرى 1.5 | CW51: مساعدات انسانية 1.1 | CY51: مساعدات انسانية 1.3 | DA51: مساعدات انسانية 1.5 | DF51: عيادي العيد 1.1 | DH51: عيادي العيد 1.3 | DJ51: عيادي العيد 1.5
D52: ='سلف و دين واقساط'!D8 -> 0 | G52: الاســـــــــــــــــــــــــــــــــــــــم : | H52: الدائن ( انا ماخذ سلف من احد ) | J52: ='سلف و دين واقساط'!D28 -> 0 | L52: الاســــــــــــــــــــــــــــــــــــــــــــــــــــم : | N52: الدائن ( انا ماخذ سلف من احد ) | AC52: =VLOOKUP(G34,AC53:AD59,2,FALSE) -> 0 | AE52: =VLOOKUP(G34,AE53:AF59,2,FALSE) -> 0 | AG52: =VLOOKUP(G34,AG53:AH59,2,FALSE) -> 0 | AL52: =VLOOKUP(G35,AL53:AM59,2,FALSE) -> 0 | AN52: =VLOOKUP(G35,AN53:AO59,2,FALSE) -> 0 | AP52: =VLOOKUP(G35,AP53:AQ59,2,FALSE) -> 0 | AU52: =VLOOKUP(G36,AU53:AV59,2,FALSE) -> 0 | AW52: =VLOOKUP(G36,AW53:AX59,2,FALSE) -> 0 | AY52: =VLOOKUP(G36,AY53:AZ59,2,FALSE) -> 0 | BD52: =VLOOKUP(G37,BD53:BE59,2,FALSE) -> 0 | BF52: =VLOOKUP(G37,BF53:BG59,2,FALSE) -> 0 | BH52: =VLOOKUP(G37,BH53:BI59,2,FALSE) -> 0 | BM52: =VLOOKUP(G38,BM53:BN59,2,FALSE) -> 0 | BO52: =VLOOKUP(G38,BO53:BP59,2,FALSE) -> 0 | BQ52: =VLOOKUP(G38,BQ53:BR59,2,FALSE) -> 0 | BV52: =VLOOKUP(G83,BV53:BW59,2,FALSE) -> 0 | BX52: =VLOOKUP(G83,BX53:BY59,2,FALSE) -> 0 | BZ52: =VLOOKUP(G83,BZ53:CA59,2,FALSE) -> 0 | CE52: =VLOOKUP(H80,CE53:CF59,2,FALSE) -> 0 | CG52: =VLOOKUP(H80,CG53:CH59,2,FALSE) -> 0 | CI52: =VLOOKUP(H80,CI53:CJ59,2,FALSE) -> 0 | CN52: =VLOOKUP(G22,CN53:CO59,2,FALSE) -> 0 | CP52: =VLOOKUP(G22,CP53:CQ59,2,FALSE) -> 0 | CR52: =VLOOKUP(G22,CR53:CS59,2,FALSE) -> 0 | CW52: =VLOOKUP(G43,CW53:CX59,2,FALSE) -> 0 | CY52: =VLOOKUP(G43,CY53:CZ59,2,FALSE) -> 0 | DA52: =VLOOKUP(G43,DA53:DB59,2,FALSE) -> 0 | DF52: =VLOOKUP(G46,DF53:DG59,2,FALSE) -> 0 | DH52: =VLOOKUP(G46,DH53:DI59,2,FALSE) -> 0 | DJ52: =VLOOKUP(G46,DJ53:DK59,2,FALSE) -> 0
D53: ='سلف و دين واقساط'!D9 -> 0 | F53: ='سلف و دين واقساط'!F9 -> يرجى الاختيار | G53: المبلـــــــــــــغ الكلي : | J53: ='سلف و دين واقساط'!D29 -> 0 | K53: ='سلف و دين واقساط'!F29 -> يرجى الاختيار | L53: المبلـــــــــــــغ الكلي لل : | AC53: NBK | AD53: =D33 -> 0 | AE53: NBK | AG53: NBK | AL53: NBK | AM53: =D35 -> 0 | AN53: NBK | AP53: NBK | AU53: NBK | AV53: =D36 -> 0 | AW53: NBK | AY53: NBK | BD53: NBK | BE53: =D37 -> 0 | BF53: NBK | BH53: NBK | BM53: NBK | BN53: =D38 -> 0 | BO53: NBK | BQ53: NBK | BV53: NBK | BW53: =D83 -> 0 | BX53: NBK | BZ53: NBK | CE53: NBK | CF53: =D79 -> 0 | CG53: NBK | CI53: NBK | CN53: NBK | CO53: =D22 -> 0 | CP53: NBK | CR53: NBK | CW53: NBK | CX53: =D43 -> 0 | CY53: NBK | DA53: NBK | DF53: NBK | DG53: =D46 -> 0 | DH53: NBK | DJ53: NBK
G54: تــــــــــــــــــــــم الدفــــــــع : | H54: المدين ( ناس ماخذين مني سلف ) | L54: تــــــــــــــــــــــم الدفـــــــــــــــــــع : | N54: المدين ( ناس ماخذين مني سلف ) | AC54: ILA | AE54: ILA | AG54: ILA | AL54: ILA | AN54: ILA | AP54: ILA | AU54: ILA | AW54: ILA | AY54: ILA | BD54: ILA | BF54: ILA | BH54: ILA | BM54: ILA | BO54: ILA | BQ54: ILA | BV54: ILA | BX54: ILA | BZ54: ILA | CE54: ILA | CG54: ILA | CI54: ILA | CN54: ILA | CP54: ILA | CR54: ILA | CW54: ILA | CY54: ILA | DA54: ILA | DF54: ILA | DH54: ILA | DJ54: ILA
D55: ='سلف و دين واقساط'!D12 -> 0 | G55: المتبــــــــــــــــــــــــــــــــــــقي : | J55: ='سلف و دين واقساط'!D32 -> 0 | L55: المتبـــــــــــــــــــــــــــــــــــــــــــــــقي : | AC55: BBK | AE55: BBK | AF55: =D33 -> 0 | AG55: BBK | AL55: BBK | AN55: BBK | AO55: =D35 -> 0 | AP55: BBK | AU55: BBK | AW55: BBK | AX55: =D36 -> 0 | AY55: BBK | BD55: BBK | BF55: BBK | BG55: =D37 -> 0 | BH55: BBK | BM55: BBK | BO55: BBK | BP55: =D38 -> 0 | BQ55: BBK | BV55: BBK | BX55: BBK | BY55: =D83 -> 0 | BZ55: BBK | CE55: BBK | CG55: BBK | CH55: =D79 -> 0 | CI55: BBK | CN55: BBK | CP55: BBK | CQ55: =D22 -> 0 | CR55: BBK | CW55: BBK | CY55: BBK | CZ55: =D43 -> 0 | DA55: BBK | DF55: BBK | DH55: BBK | DI55: =D46 -> 0 | DJ55: BBK
AC56: MEEM | AE56: MEEM | AG56: MEEM | AL56: MEEM | AN56: MEEM | AP56: MEEM | AU56: MEEM | AW56: MEEM | AY56: MEEM | BD56: MEEM | BF56: MEEM | BH56: MEEM | BM56: MEEM | BO56: MEEM | BQ56: MEEM | BV56: MEEM | BX56: MEEM | BZ56: MEEM | CE56: MEEM | CG56: MEEM | CI56: MEEM | CN56: MEEM | CP56: MEEM | CR56: MEEM | CW56: MEEM | CY56: MEEM | DA56: MEEM | DF56: MEEM | DH56: MEEM | DJ56: MEEM
D57: ='سلف و دين واقساط'!D16 -> السنة الحالية | G57: ديــــن: | J57: ='سلف و دين واقساط'!D36 -> السنة الحالية | L57: ديــــن: | AC57: NBB | AE57: NBB | AG57: NBB | AH57: =D33 -> 0 | AL57: NBB | AN57: NBB | AP57: NBB | AQ57: =D35 -> 0 | AU57: NBB | AW57: NBB | AY57: NBB | AZ57: =D36 -> 0 | BD57: NBB | BF57: NBB | BH57: NBB | BI57: =D37 -> 0 | BM57: NBB | BO57: NBB | BQ57: NBB | BR57: =D38 -> 0 | BV57: NBB | BX57: NBB | BZ57: NBB | CA57: =D83 -> 0 | CE57: NBB | CG57: NBB | CI57: NBB | CJ57: =D79 -> 0 | CN57: NBB | CP57: NBB | CR57: NBB | CS57: =D22 -> 0 | CW57: NBB | CY57: NBB | DA57: NBB | DB57: =D43 -> 0 | DF57: NBB | DH57: NBB | DJ57: NBB | DK57: =D46 -> 0
G58: للتعديل او الاضافة اذهب الى صفحة سلف و دين و الاقساط | L58: للتعديل او الاضافة اذهب الى صفحة سلف و دين و الاقساط | AC58: بطاقة صراف الالي | AE58: بطاقة صراف الالي | AG58: بطاقة صراف الالي | AL58: بطاقة صراف الالي | AN58: بطاقة صراف الالي | AP58: بطاقة صراف الالي | AU58: بطاقة صراف الالي | AW58: بطاقة صراف الالي | AY58: بطاقة صراف الالي | BD58: بطاقة صراف الالي | BF58: بطاقة صراف الالي | BH58: بطاقة صراف الالي | BM58: بطاقة صراف الالي | BO58: بطاقة صراف الالي | BQ58: بطاقة صراف الالي | BV58: بطاقة صراف الالي | BX58: بطاقة صراف الالي | BZ58: بطاقة صراف الالي | CE58: بطاقة صراف الالي | CG58: بطاقة صراف الالي | CI58: بطاقة صراف الالي | CN58: بطاقة صراف الالي | CP58: بطاقة صراف الالي | CR58: بطاقة صراف الالي | CW58: بطاقة صراف الالي | CY58: بطاقة صراف الالي | DA58: بطاقة صراف الالي | DF58: بطاقة صراف الالي | DH58: بطاقة صراف الالي | DJ58: بطاقة صراف الالي
D59: ='سلف و دين واقساط'!D18 -> 0 | G59: الاســــــــــــــــــــــــــــــــــــــــــــــــــــم : | H59: الدائن ( انا ماخذ سلف من احد ) | J59: ='سلف و دين واقساط'!D38 -> 0 | L59: الاســــــــــــــــــــــــــــــــــــــــــــــــــــم : | N59: الدائن ( انا ماخذ سلف من احد ) | AC59: غير محسوب ذي الشهر | AE59: غير محسوب ذي الشهر | AG59: غير محسوب ذي الشهر | AL59: غير محسوب ذي الشهر | AN59: غير محسوب ذي الشهر | AP59: غير محسوب ذي الشهر | AU59: غير محسوب ذي الشهر | AW59: غير محسوب ذي الشهر | AY59: غير محسوب ذي الشهر | BD59: غير محسوب ذي الشهر | BF59: غير محسوب ذي الشهر | BH59: غير محسوب ذي الشهر | BM59: غير محسوب ذي الشهر | BO59: غير محسوب ذي الشهر | BQ59: غير محسوب ذي الشهر | BV59: غير محسوب ذي الشهر | BX59: غير محسوب ذي الشهر | BZ59: غير محسوب ذي الشهر | CE59: غير محسوب ذي الشهر | CG59: غير محسوب ذي الشهر | CI59: غير محسوب ذي الشهر | CN59: غير محسوب ذي الشهر | CP59: غير محسوب ذي الشهر | CR59: غير محسوب ذي الشهر | CW59: غير محسوب ذي الشهر | CY59: غير محسوب ذي الشهر | DA59: غير محسوب ذي الشهر | DF59: غير محسوب ذي الشهر | DH59: غير محسوب ذي الشهر | DJ59: غير محسوب ذي الشهر
D60: ='سلف و دين واقساط'!D19 -> 0 | F60: ='سلف و دين واقساط'!F19 -> يرجى الاختيار | G60: المبلـــــــــــــغ الكلي لل : | J60: ='سلف و دين واقساط'!D39 -> 0 | K60: ='سلف و دين واقساط'!F39 -> مدين | L60: المبلـــــــــــــغ الكلي لل :
G61: تــــــــــــــــــــــم الدفـــــــــــــــــــع : | H61: المدين ( ناس ماخذين مني سلف ) | L61: تــــــــــــــــــــــم الدفـــــــــــــــــــع : | N61: المدين ( ناس ماخذين مني سلف )
D62: ='سلف و دين واقساط'!D22 -> 0 | G62: المتبـــــــــــــــــــــــــــــــــــــــــــــــقي : | J62: ='سلف و دين واقساط'!D42 -> 0 | L62: المتبـــــــــــــــــــــــــــــــــــــــــــــــقي : | AC62: عيدميلاد ١٫٢ | AE62: عيدميلاد ١٫٤ | AG62: عيدميلاد ١٫٦ | AI62: عيدميلاد ١٫٧ | AL62: مدرسة خاصة ١٫٢ | AN62: مدرسة خاصة ١٫٤ | AP62: مدرسة خاصة ١٫٦ | AR62: مدرسة خاصة ١٫٧ | AU62: روضة ١٫٢ | AW62: روضة ١٫٤ | AY62: روضة ١٫٦ | BA62: روضة ١٫٧ | BD62: جامعة ١٫٢ | BF62: جامعة ١٫٤ | BH62: جامعة ١٫٦ | BJ62: جامعة ١٫٧ | BM62: مواصلات المدرسة او الجامعة 1.2 | BO62: مواصلات المدرسة او الجامعة 1.4 | BQ62: مواصلات المدرسة او الجامعة 1.6 | BS62: مواصلات المدرسة او الجامعة 1.7 | BV62: تامين + التسجيل السنوي لجميع السيارات 1.2 | BX62: تامين + التسجيل السنوي لجميع السيارات 1.4 | BZ62: تامين + التسجيل السنوي لجميع السيارات 1.6 | CB62: تامين + التسجيل السنوي لجميع السيارات 1.7 | CE62: قسط متنوع 1.2 | CG62: قسط متنوع 1.4 | CI62: قسط متنوع 1.6 | CK62: قسط متنوع 1.7 | CN62: مصروفات أخرى 1.2 | CP62: مصروفات أخرى 1.4 | CR62: مصروفات أخرى 1.6 | CT62: مصروفات أخرى 1.7 | CW62: مساعدات انسانية 1.2 | CY62: مساعدات انسانية 1.4 | DA62: مساعدات انسانية 1.6 | DC62: مساعدات انسانية 1.7 | DF62: عيادي العيد 1.2 | DH62: عيادي العيد 1.4 | DJ62: عيادي العيد 1.6 | DL62: عيادي العيد 1.7
AC63: =VLOOKUP(G34,AC64:AD70,2,FALSE) -> 0 | AE63: =VLOOKUP(G34,AE64:AF70,2,FALSE) -> 0 | AG63: =VLOOKUP(G34,AG64:AH70,2,FALSE) -> 0 | AI63: =VLOOKUP(G34,AI64:AJ70,2,FALSE) -> 0 | AL63: =VLOOKUP(G35,AL64:AM70,2,FALSE) -> 0 | AN63: =VLOOKUP(G35,AN64:AO70,2,FALSE) -> 0 | AP63: =VLOOKUP(G35,AP64:AQ70,2,FALSE) -> 0 | AR63: =VLOOKUP(G35,AR64:AS70,2,FALSE) -> 0 | AU63: =VLOOKUP(G36,AU64:AV70,2,FALSE) -> 0 | AW63: =VLOOKUP(G36,AW64:AX70,2,FALSE) -> 0 | AY63: =VLOOKUP(G36,AY64:AZ70,2,FALSE) -> 0 | BA63: =VLOOKUP(G36,BA64:BB70,2,FALSE) -> 0 | BD63: =VLOOKUP(G37,BD64:BE70,2,FALSE) -> 0 | BF63: =VLOOKUP(G37,BF64:BG70,2,FALSE) -> 0 | BH63: =VLOOKUP(G37,BH64:BI70,2,FALSE) -> 0 | BJ63: =VLOOKUP(G37,BJ64:BK70,2,FALSE) -> 0 | BM63: =VLOOKUP(G38,BM64:BN70,2,FALSE) -> 0 | BO63: =VLOOKUP(G38,BO64:BP70,2,FALSE) -> 0 | BQ63: =VLOOKUP(G38,BQ64:BR70,2,FALSE) -> 0 | BS63: =VLOOKUP(G38,BS64:BT70,2,FALSE) -> 0 | BV63: =VLOOKUP(G83,BV64:BW70,2,FALSE) -> 0 | BX63: =VLOOKUP(G83,BX64:BY70,2,FALSE) -> 0 | BZ63: =VLOOKUP(G83,BZ64:CA70,2,FALSE) -> 0 | CB63: =VLOOKUP(G83,CB64:CC70,2,FALSE) -> 0 | CE63: =VLOOKUP(H80,CE64:CF70,2,FALSE) -> 0 | CG63: =VLOOKUP(H80,CG64:CH70,2,FALSE) -> 0 | CI63: =VLOOKUP(H80,CI64:CJ70,2,FALSE) -> 0 | CK63: =VLOOKUP(H80,CK64:CL70,2,FALSE) -> 0 | CN63: =VLOOKUP(G22,CN64:CO70,2,FALSE) -> 0 | CP63: =VLOOKUP(G22,CP64:CQ70,2,FALSE) -> 0 | CR63: =VLOOKUP(G22,CR64:CS70,2,FALSE) -> 0 | CT63: =VLOOKUP(G22,CT64:CU70,2,FALSE) -> 0 | CW63: =VLOOKUP(G43,CW64:CX70,2,FALSE) -> 0 | CY63: =VLOOKUP(G43,CY64:CZ70,2,FALSE) -> 0 | DA63: =VLOOKUP(G43,DA64:DB70,2,FALSE) -> 0 | DC63: =VLOOKUP(G43,DC64:DD70,2,FALSE) -> 0 | DF63: =VLOOKUP(G46,DF64:DG70,2,FALSE) -> 0 | DH63: =VLOOKUP(G46,DH64:DI70,2,FALSE) -> 0 | DJ63: =VLOOKUP(G46,DJ64:DK70,2,FALSE) -> 0 | DL63: =VLOOKUP(G46,DL64:DM70,2,FALSE) -> 0
D64: ='سلف و دين واقساط'!D46 -> 0 | G64: وصــــــــــــــــــــــــــــــــــــــف : | H64: للتعديل او الاضافة اذهب الى صفحة سلف و دين و الاقساط | AC64: NBK | AE64: NBK | AG64: NBK | AI64: NBK | AL64: NBK | AN64: NBK | AP64: NBK | AR64: NBK | AU64: NBK | AW64: NBK | AY64: NBK | BA64: NBK | BD64: NBK | BF64: NBK | BH64: NBK | BJ64: NBK | BM64: NBK | BO64: NBK | BQ64: NBK | BS64: NBK | BV64: NBK | BX64: NBK | BZ64: NBK | CB64: NBK | CE64: NBK | CG64: NBK | CI64: NBK | CK64: NBK | CN64: NBK | CP64: NBK | CR64: NBK | CT64: NBK | CW64: NBK | CY64: NBK | DA64: NBK | DC64: NBK | DF64: NBK | DH64: NBK | DJ64: NBK | DL64: NBK
D65: ='سلف و دين واقساط'!D47 -> 0 | G65: اســـــــــــــــــــم البنك : | H65: قسط بطاقة الفيزا البنكية | I65: - | AC65: ILA | AD65: =D33 -> 0 | AE65: ILA | AG65: ILA | AI65: ILA | AL65: ILA | AM65: =D35 -> 0 | AN65: ILA | AP65: ILA | AR65: ILA | AU65: ILA | AV65: =D36 -> 0 | AW65: ILA | AY65: ILA | BA65: ILA | BD65: ILA | BE65: =D37 -> 0 | BF65: ILA | BH65: ILA | BJ65: ILA | BM65: ILA | BN65: =D38 -> 0 | BO65: ILA | BQ65: ILA | BS65: ILA | BV65: ILA | BW65: =D83 -> 0 | BX65: ILA | BZ65: ILA | CB65: ILA | CE65: ILA | CF65: =D79 -> 0 | CG65: ILA | CI65: ILA | CK65: ILA | CN65: ILA | CO65: =D22 -> 0 | CP65: ILA | CR65: ILA | CT65: ILA | CW65: ILA | CX65: =D43 -> 0 | CY65: ILA | DA65: ILA | DC65: ILA | DF65: ILA | DG65: =D46 -> 0 | DH65: ILA | DJ65: ILA | DL65: ILA
D66: ='سلف و دين واقساط'!D48 -> 0 | G66: المبلـــــــــــــغ الكلي : | AC66: BBK | AE66: BBK | AG66: BBK | AI66: BBK | AL66: BBK | AN66: BBK | AP66: BBK | AR66: BBK | AU66: BBK | AW66: BBK | AY66: BBK | BA66: BBK | BD66: BBK | BF66: BBK | BH66: BBK | BJ66: BBK | BM66: BBK | BO66: BBK | BQ66: BBK | BS66: BBK | BV66: BBK | BX66: BBK | BZ66: BBK | CB66: BBK | CE66: BBK | CG66: BBK | CI66: BBK | CK66: BBK | CN66: BBK | CP66: BBK | CR66: BBK | CT66: BBK | CW66: BBK | CY66: BBK | DA66: BBK | DC66: BBK | DF66: BBK | DH66: BBK | DJ66: BBK | DL66: BBK
G67: تــــــــــــــــــــــم الدفــــــــع : | AC67: MEEM | AE67: MEEM | AF67: =D33 -> 0 | AG67: MEEM | AI67: MEEM | AL67: MEEM | AN67: MEEM | AO67: =D35 -> 0 | AP67: MEEM | AR67: MEEM | AU67: MEEM | AW67: MEEM | AX67: =D36 -> 0 | AY67: MEEM | BA67: MEEM | BD67: MEEM | BF67: MEEM | BG67: =D37 -> 0 | BH67: MEEM | BJ67: MEEM | BM67: MEEM | BO67: MEEM | BP67: =D38 -> 0 | BQ67: MEEM | BS67: MEEM | BV67: MEEM | BX67: MEEM | BY67: =D83 -> 0 | BZ67: MEEM | CB67: MEEM | CE67: MEEM | CG67: MEEM | CH67: =D79 -> 0 | CI67: MEEM | CK67: MEEM | CN67: MEEM | CP67: MEEM | CQ67: =D22 -> 0 | CR67: MEEM | CT67: MEEM | CW67: MEEM | CY67: MEEM | CZ67: =D43 -> 0 | DA67: MEEM | DC67: MEEM | DF67: MEEM | DH67: MEEM | DI67: =D46 -> 0 | DJ67: MEEM | DL67: MEEM
D68: ='سلف و دين واقساط'!D51 -> 0 | G68: المتبــــــــــــــــــــــــــــــــــــقي : | H68: بطاقة صراف الالي | AC68: NBB | AE68: NBB | AG68: NBB | AI68: NBB | AL68: NBB | AN68: NBB | AP68: NBB | AR68: NBB | AU68: NBB | AW68: NBB | AY68: NBB | BA68: NBB | BD68: NBB | BF68: NBB | BH68: NBB | BJ68: NBB | BM68: NBB | BO68: NBB | BQ68: NBB | BS68: NBB | BV68: NBB | BX68: NBB | BZ68: NBB | CB68: NBB | CE68: NBB | CG68: NBB | CI68: NBB | CK68: NBB | CN68: NBB | CP68: NBB | CR68: NBB | CT68: NBB | CW68: NBB | CY68: NBB | DA68: NBB | DC68: NBB | DF68: NBB | DH68: NBB | DJ68: NBB | DL68: NBB
AC69: بطاقة صراف الالي | AE69: بطاقة صراف الالي | AG69: بطاقة صراف الالي | AH69: =D33 -> 0 | AI69: بطاقة صراف الالي | AL69: بطاقة صراف الالي | AN69: بطاقة صراف الالي | AP69: بطاقة صراف الالي | AQ69: =D35 -> 0 | AR69: بطاقة صراف الالي | AU69: بطاقة صراف الالي | AW69: بطاقة صراف الالي | AY69: بطاقة صراف الالي | AZ69: =D36 -> 0 | BA69: بطاقة صراف الالي | BD69: بطاقة صراف الالي | BF69: بطاقة صراف الالي | BH69: بطاقة صراف الالي | BI69: =D37 -> 0 | BJ69: بطاقة صراف الالي | BM69: بطاقة صراف الالي | BO69: بطاقة صراف الالي | BQ69: بطاقة صراف الالي | BR69: =D38 -> 0 | BS69: بطاقة صراف الالي | BV69: بطاقة صراف الالي | BX69: بطاقة صراف الالي | BZ69: بطاقة صراف الالي | CA69: =D83 -> 0 | CB69: بطاقة صراف الالي | CE69: بطاقة صراف الالي | CG69: بطاقة صراف الالي | CI69: بطاقة صراف الالي | CJ69: =D79 -> 0 | CK69: بطاقة صراف الالي | CN69: بطاقة صراف الالي | CP69: بطاقة صراف الالي | CR69: بطاقة صراف الالي | CS69: =D22 -> 0 | CT69: بطاقة صراف الالي | CW69: بطاقة صراف الالي | CY69: بطاقة صراف الالي | DA69: بطاقة صراف الالي | DB69: =D43 -> 0 | DC69: بطاقة صراف الالي | DF69: بطاقة صراف الالي | DH69: بطاقة صراف الالي | DJ69: بطاقة صراف الالي | DK69: =D46 -> 0 | DL69: بطاقة صراف الالي
D70: ='سلف و دين واقساط'!D55 -> 0 | G70: وصــــــــــــــــــــــــــــــــــــــف : | H70: للتعديل او الاضافة اذهب الى صفحة سلف و دين و الاقساط | AC70: غير محسوب ذي الشهر | AE70: غير محسوب ذي الشهر | AG70: غير محسوب ذي الشهر | AI70: غير محسوب ذي الشهر | AJ70: =D33 -> 0 | AL70: غير محسوب ذي الشهر | AN70: غير محسوب ذي الشهر | AP70: غير محسوب ذي الشهر | AR70: غير محسوب ذي الشهر | AS70: =D35 -> 0 | AU70: غير محسوب ذي الشهر | AW70: غير محسوب ذي الشهر | AY70: غير محسوب ذي الشهر | BA70: غير محسوب ذي الشهر | BB70: =D36 -> 0 | BD70: غير محسوب ذي الشهر | BF70: غير محسوب ذي الشهر | BH70: غير محسوب ذي الشهر | BJ70: غير محسوب ذي الشهر | BK70: =D37 -> 0 | BM70: غير محسوب ذي الشهر | BO70: غير محسوب ذي الشهر | BQ70: غير محسوب ذي الشهر | BS70: غير محسوب ذي الشهر | BT70: =D38 -> 0 | BV70: غير محسوب ذي الشهر | BX70: غير محسوب ذي الشهر | BZ70: غير محسوب ذي الشهر | CB70: غير محسوب ذي الشهر | CC70: =D83 -> 0 | CE70: غير محسوب ذي الشهر | CG70: غير محسوب ذي الشهر | CI70: غير محسوب ذي الشهر | CK70: غير محسوب ذي الشهر | CL70: =D79 -> 0 | CN70: غير محسوب ذي الشهر | CP70: غير محسوب ذي الشهر | CR70: غير محسوب ذي الشهر | CT70: غير محسوب ذي الشهر | CU70: =D22 -> 0 | CW70: غير محسوب ذي الشهر | CY70: غير محسوب ذي الشهر | DA70: غير محسوب ذي الشهر | DC70: غير محسوب ذي الشهر | DD70: =D43 -> 0 | DF70: غير محسوب ذي الشهر | DH70: غير محسوب ذي الشهر | DJ70: غير محسوب ذي الشهر | DL70: غير محسوب ذي الشهر | DM70: =D46 -> 0
D71: ='سلف و دين واقساط'!D56 -> 0 | G71: اســـــــــــــــــــم البنك : | H71: قسط البنك | I71: -
D72: ='سلف و دين واقساط'!D57 -> 0 | G72: المبلـــــــــــــغ الكلي :
G73: تــــــــــــــــــــــم الدفــــــــع : | AC73: دفع مشتريات بطاقة الفيزا العاديه 1 - 2 - 3
D74: ='سلف و دين واقساط'!D60 -> 0 | G74: المتبــــــــــــــــــــــــــــــــــــقي : | H74: بطاقة صراف الالي | AC74: NBK 1.1 | AE74: ILA 1.1 | AG74: BBK 1.1 | AI74: MEEM 1.1 | AK74: NBB 1.1 | AM74: غير محسوب ذي الشهر 1.1
AC75: =VLOOKUP(G24,AC76:AD82,2,FALSE) -> 0 | AE75: =VLOOKUP(G24,AE76:AF82,2,FALSE) -> 0 | AG75: =VLOOKUP(G24,AG76:AH82,2,FALSE) -> 0 | AI75: =VLOOKUP(G24,AI76:AJ82,2,FALSE) -> 0 | AK75: =VLOOKUP(G24,AK76:AL82,2,FALSE) -> 0 | AM75: =VLOOKUP(G24,AM76:AN82,2,FALSE) -> 0
G76: للتعديل او الاضافة اذهب الى صفحة سلف و دين و الاقساط | X76: ذي ينحسب في النهاية حق المجموع | AC76: NBK | AD76: =D24 -> 0 | AE76: NBK | AG76: NBK | AI76: NBK | AK76: NBK | AM76: NBK
D77: ='سلف و دين واقساط'!D64 -> 0 | G77: وصــــــــــــــــــــــــــــــــــــــف : | H77: قسط متنوع | I77: - | AC77: ILA | AE77: ILA | AF77: =D24 -> 0 | AG77: ILA | AI77: ILA | AK77: ILA | AM77: ILA
D78: ='سلف و دين واقساط'!D65 -> 0 | G78: المبلـــــــــــــغ الكلي : | V78: 1 | Y78: 2 | AC78: BBK | AE78: BBK | AG78: BBK | AH78: =D24 -> 0 | AI78: BBK | AK78: BBK | AM78: BBK
G79: تــــــــــــــــــــــم الدفــــــــع : | W79: =VLOOKUP(TRIM(F53), V80:W82, 2, FALSE) -> 0 | Z79: =VLOOKUP(TRIM(K53), Y80:Z82, 2, FALSE) -> 0 | AC79: MEEM | AE79: MEEM | AG79: MEEM | AI79: MEEM | AJ79: =D24 -> 0 | AK79: MEEM | AM79: MEEM
D80: ='سلف و دين واقساط'!D68 -> 0 | G80: المتبــــــــــــــــــــــــــــــــــــقي : | H80: بطاقة صراف الالي | V80: دائن | W80: =-D54 -> 0 | Y80: دائن | Z80: =-J54 -> 0 | AC80: NBB | AE80: NBB | AG80: NBB | AI80: NBB | AK80: NBB | AL80: =D24 -> 0 | AM80: NBB
V81: مدين | W81: =D54 -> 0 | Y81: مدين | Z81: =J54 -> 0 | AC81: غير محسوب ذي الشهر | AE81: غير محسوب ذي الشهر | AG81: غير محسوب ذي الشهر | AI81: غير محسوب ذي الشهر | AK81: غير محسوب ذي الشهر | AM81: غير محسوب ذي الشهر | AN81: =D24 -> 0
D82: فقط مرة واحدة في السنه | T82: سالب | U82: =IF(VLOOKUP(TRIM(F53), V80:W82, 2, FALSE) > 0, 0, ABS(VLOOKUP(TRIM(F53), V80:W82, 2, FALSE))) -> 0 | V82: يرجى الاختيار | W82: 0 | Y82: يرجى الاختيار | Z82: 0 | AA82: =IF(VLOOKUP(TRIM(K53), Y80:Z82, 2, FALSE) > 0, 0, ABS(VLOOKUP(TRIM(K53), Y80:Z82, 2, FALSE))) -> 0 | AB82: سالب | AC82: بطاقة صراف الالي | AE82: بطاقة صراف الالي | AG82: بطاقة صراف الالي | AI82: بطاقة صراف الالي | AK82: بطاقة صراف الالي | AM82: بطاقة صراف الالي
G83: بطاقة صراف الالي | H83: تامين + التسجيل السنوي لجميع السيارات | I83: - | T83: موجب | U83: =IF(VLOOKUP(TRIM(F53), V80:W82, 2, FALSE) <= 0, 0, VLOOKUP(TRIM(F53), V80:W82, 2, FALSE)) -> 0 | AA83: =IF(VLOOKUP(TRIM(K53), Y80:Z82, 2, FALSE) <= 0, 0, VLOOKUP(TRIM(K53), Y80:Z82, 2, FALSE)) -> 0 | AB83: موجب | AC83: NBK 1.2 | AE83: ILA 1.2 | AG83: BBK 1.2 | AI83: MEEM 1.2 | AK83: NBB 1.2 | AM83: غير محسوب ذي الشهر 1.2
V84: 3 | Y84: 4 | AC84: =VLOOKUP(G25,AC85:AD91,2,FALSE) -> 0 | AE84: =VLOOKUP(G25,AE85:AF91,2,FALSE) -> 0 | AG84: =VLOOKUP(G25,AG85:AH91,2,FALSE) -> 0 | AI84: =VLOOKUP(G25,AI85:AJ91,2,FALSE) -> 0 | AK84: =VLOOKUP(G25,AK85:AL91,2,FALSE) -> 0 | AM84: =VLOOKUP(G25,AM85:AN91,2,FALSE) -> 0
D85: فقط مرة واحدة في السنه | W85: =VLOOKUP(TRIM(F60), V86:W88, 2, FALSE) -> 0 | Z85: =VLOOKUP(TRIM(K60), Y86:Z88, 2, FALSE) -> 0 | AC85: NBK | AD85: =D25 -> 0 | AE85: NBK | AG85: NBK | AI85: NBK | AK85: NBK | AM85: NBK
G86: زكاة ( المال او الذهب و غيره من الاستثمارات) | I86: يتم حسبة في صفحة الرئيسي | V86: دائن | W86: =-D61 -> 0 | Y86: دائن | Z86: =-J61 -> 0 | AC86: ILA | AE86: ILA | AF86: =D25 -> 0 | AG86: ILA | AI86: ILA | AK86: ILA | AM86: ILA
V87: مدين | W87: =D61 -> 0 | Y87: مدين | Z87: =J61 -> 0 | AC87: BBK | AE87: BBK | AG87: BBK | AH87: =D25 -> 0 | AI87: BBK | AK87: BBK | AM87: BBK
C88: * | D88: =D6 -> 0 | G88: الراتب الشهري فقط | T88: سالب | U88: =IF(VLOOKUP(TRIM(F60), V86:W88, 2, FALSE) > 0, 0, ABS(VLOOKUP(TRIM(F60), V86:W88, 2, FALSE))) -> 0 | V88: يرجى الاختيار | W88: 0 | Y88: يرجى الاختيار | Z88: 0 | AA88: =IF(VLOOKUP(TRIM(K60), Y86:Z88, 2, FALSE) > 0, 0, ABS(VLOOKUP(TRIM(K60), Y86:Z88, 2, FALSE))) -> 0 | AB88: سالب | AC88: MEEM | AE88: MEEM | AG88: MEEM | AI88: MEEM | AJ88: =D25 -> 0 | AK88: MEEM | AM88: MEEM
T89: موجب | U89: =IF(VLOOKUP(TRIM(F60), V86:W88, 2, FALSE) <= 0, 0, VLOOKUP(TRIM(F60), V86:W88, 2, FALSE)) -> 0 | AA89: =IF(VLOOKUP(TRIM(K60), Y86:Z88, 2, FALSE) <= 0, 0, VLOOKUP(TRIM(K60), Y86:Z88, 2, FALSE)) -> 0 | AB89: موجب | AC89: NBB | AE89: NBB | AG89: NBB | AI89: NBB | AK89: NBB | AL89: =D25 -> 0 | AM89: NBB
D90: =D6-(P24+P25+P26+P27+P28+P29)+U83+AA83+AA89+U89-U82-AA82-U88-AA88 -> 0 | G90: المتبقي الشهري من الراتب فقط | V90: نعــــم بتــــــــــــنزل ذي الشهر | AC90: غير محسوب ذي الشهر | AE90: غير محسوب ذي الشهر | AG90: غير محسوب ذي الشهر | AI90: غير محسوب ذي الشهر | AK90: غير محسوب ذي الشهر | AM90: غير محسوب ذي الشهر | AN90: =D25 -> 0
V91: لا مـــــا بتــــــــنزل ذي الشهر | AC91: بطاقة صراف الالي | AE91: بطاقة صراف الالي | AG91: بطاقة صراف الالي | AI91: بطاقة صراف الالي | AK91: بطاقة صراف الالي | AM91: بطاقة صراف الالي
C92: * | D92: =D6-(W104+W105+W106+W107+W108+W109)+U83+AA83+AA89+U89-U82-AA82-U88-AA88 -> 0 | G92: المتبقي الشهري من الراتب فقط ( بدون اقتطاع ) الحج + ادخار ( تأمين و تسجيل + ثياب العيد ) + ادخار للسفر | V92: عيادي+ عيادي عيالي | AC92: NBK 1.3 | AE92: ILA 1.3 | AG92: BBK 1.3 | AI92: MEEM 1.3 | AK92: NBB 1.3 | AM92: غير محسوب ذي الشهر 1.3
V93: ثياب العيد | AC93: =VLOOKUP(G26,AC94:AD100,2,FALSE) -> 0 | AE93: =VLOOKUP(G26,AE94:AF100,2,FALSE) -> 0 | AG93: =VLOOKUP(G26,AG94:AH100,2,FALSE) -> 0 | AI93: =VLOOKUP(G26,AI94:AJ100,2,FALSE) -> 0 | AK93: =VLOOKUP(G26,AK94:AL100,2,FALSE) -> 0 | AM93: =VLOOKUP(G26,AM94:AN100,2,FALSE) -> 0
V94: عيادي ، عيادي عيالي + ثياب العيد | AC94: NBK | AD94: =D26 -> 0 | AE94: NBK | AG94: NBK | AI94: NBK | AK94: NBK | AM94: NBK
C95: * | D95: =D6+D9+D10+D11+D13+D12 -> 0 | G95: مجموع الراتب مع مدخول الايضافي | V95: لا | AC95: ILA | AE95: ILA | AF95: =D26 -> 0 | AG95: ILA | AI95: ILA | AK95: ILA | AM95: ILA
AC96: BBK | AE96: BBK | AG96: BBK | AH96: =D26 -> 0 | AI96: BBK | AK96: BBK | AM96: BBK
D97: =D90+D9+D10+D11+D12+D13 -> 0 | G97: المتبقي الشهري من الراتب + المدخول الايضافي - ناقص جميع الاقتطاعات (الحج الاستثمار و غير ) | AC97: MEEM | AE97: MEEM | AG97: MEEM | AI97: MEEM | AJ97: =D26 -> 0 | AK97: MEEM | AM97: MEEM
AC98: NBB | AE98: NBB | AG98: NBB | AI98: NBB | AK98: NBB | AL98: =D26 -> 0 | AM98: NBB
AC99: غير محسوب ذي الشهر | AE99: غير محسوب ذي الشهر | AG99: غير محسوب ذي الشهر | AI99: غير محسوب ذي الشهر | AK99: غير محسوب ذي الشهر | AM99: غير محسوب ذي الشهر | AN99: =D26 -> 0
C100: * | D100: =D92+D9+D10+D11+D12+D13 -> 0 | G100: المتبقي الشهري من الراتب + المدخول الايضافي + الحج + تامين وتسجيل و العيد + ادخار للسفر - ناقص جميع الاقتطاعات (الاستثمار و غير ) | AC100: بطاقة صراف الالي | AE100: بطاقة صراف الالي | AG100: بطاقة صراف الالي | AI100: بطاقة صراف الالي | AK100: بطاقة صراف الالي | AM100: بطاقة صراف الالي
V102: مجموع الكلي الاقتطاعات للبطائق و حسابي المصرفي
C103: * | D103: =(W104+W105+W106+W107+W108+W109+U88)+U82+AA82+AA88 -> 0 | G103: مجموع المصاريف الشهرية (بدون اقتطاع الحج + تامين وتسجيل و العيد + ادخار للسفر ) | V103: اسم البنك | W103: السعر
V104: NBK | W104: =AC75+AC84+AC93+AC8+AL8+AU8+BD8+BM8+BV8+AC30+AL30+AU30+BD30+AC52+AL52+AU52+BD52+BM52+BM30+BV30+BV52+CE8+CE30+CE52+CN8+CN30+CN52+CW8+CW30+CW52+DF8+DF30+DF52+DO8+DO30 -> 0
...

Sheet 2
G2: اخر تحديث بتاريخ | S2: بدون اقتطاع ادخار + الحج
D4: جدول شهر 2 | N4: النسبة المئوية للراتب الشهري فقط | S4: النسبة المئوية للراتب الشهري فقط
N5: الاستثمار | O5: ادخار الحج | P5: ادخار ( تأمين و تسجيل + ثياب العيد ) + للسفر | Q5: مصاريف متنوعة | S5: الاستثمار | U5: مصاريف متنوعة
B6: اضغط هنا للرجوع الى الصفحة الرئيسية | G6: راتب الشهري | I6: * | N6: =(DF30+DH30+DJ30+DF41+DH41+DJ41)/(D6+U83+AA83+AA89+U89)*1 -> #DIV/0! | O6: =(CW30+CY30+DA30+CW41+CY41+DA41)/(D6+U83+AA83+AA89+U89)*1 -> #DIV/0! | P6: =(DO30+DQ30+DS30+DO41+DQ41+DS41+DO8+DQ8+DS8+DO19+DQ19+DS19)/(D6+U83+AA83+AA89+U89)*1 -> #DIV/0! | Q6: =(D103-N7)/(D6+U83+AA83+AA89+U89)*1 -> #DIV/0! | S6: =(DF30+DH30+DJ30+DF41+DH41+DJ41)/(D6+U83+AA83+AA89+U89)*1 -> #DIV/0! | U6: =(D103-N7)/(D6+U83+AA83+AA89+U89)*1 -> #DIV/0!
N7: =DF30+DH30+DJ30+DF41+DH41+DJ41 -> 0 | O7: =CW30+CY30+DA30+CW41+CY41+DA41 -> 0 | P7: =DO30+DQ30+DS30+DO41+DQ41+DS41+DO8+DQ8+DS8+DO19+DQ19+DS19 -> 0 | Q7: =(D6+U83+AA83+AA89+U89)*Q6/1 -> #DIV/0! | S7: =DF30+DH30+DJ30+DF41+DH41+DJ41 -> 0 | U7: =(D6+U83+AA83+AA89+U89)*Q6/1 -> #DIV/0! | AC7: علاج 1 | AE7: علاج 3 | AG7: علاج 5 | AL7: اجار الشقة ١٫١ | AN7: اجار الشقة ١٫٣ | AP7: اجار الشقة ١٫٥ | AU7: ماجلة البيت ١٫١ | AW7: ماجلة البيت ١٫٣ | AY7: ماجلة البيت ١٫٥ | BD7: جميع الابيال ١٫١ | BF7: جميع الابيال ١٫٣ | BH7: جميع الابيال ١٫٥ | BM7: بيل الكهرباء ١٫١ | BO7: بيل الكهرباء ١٫٣ | BQ7: بيل الكهرباء ١٫٥ | BV7: بترول الجميع ١٫١ | BX7: بترول الجميع ١٫٣ | BZ7: بترول الجميع ١٫٥ | CE7: قسط بطاقة الفيزا البنكية 1.1 | CG7: قسط بطاقة الفيزا البنكية 1.3 | CI7: قسط بطاقة الفيزا البنكية 1.5 | CN7: راتب الزوجة 1.1 | CP7: راتب الزوجة 1.3 | CR7: راتب الزوجة 1.5 | CW7: عامل التنظيف لجميع السيارات 1.1 | CY7: عامل التنظيف لجميع السيارات 1.3 | DA7: عامل التنظيف لجميع السيارات 1.5 | DF7: جمعية 1.1 | DH7: جمعية 1.3 | DJ7: جمعية 1.5 | DO7: ادخار ( تأمين و تسجيل + ثياب العيد + الروضة ) 1.1 | DQ7: ادخار ( تأمين و تسجيل + ثياب العيد + الروضة ) 1.3 | DS7: ادخار ( تأمين و تسجيل + ثياب العيد + الروضة ) 1.5
D8: دخل ايضافي كل شهر | N8: =(Q6+O6+N6+P6) -> #DIV/0! | P8: مجموع النسبة المئوية الكلي | S8: =(U6+S6) -> #DIV/0! | U8: مجموع النسبة المئوية الكلي | AC8: =VLOOKUP(G23,AC9:AD15,2,FALSE) -> 0 | AE8: =VLOOKUP(G23,AE9:AF15,2,FALSE) -> 0 | AG8: =VLOOKUP(G23,AG9:AH15,2,FALSE) -> 0 | AL8: =VLOOKUP(G18,AL9:AM15,2,FALSE) -> 0 | AN8: =VLOOKUP(G18,AN9:AO15,2,FALSE) -> 0 | AP8: =VLOOKUP(G18,AP9:AQ15,2,FALSE) -> 0 | AU8: =VLOOKUP(G19,AU9:AV15,2,FALSE) -> 0 | AW8: =VLOOKUP(G19,AW9:AX15,2,FALSE) -> 0 | AY8: =VLOOKUP(G19,AY9:AZ15,2,FALSE) -> 0 | BD8: =VLOOKUP(G20,BD9:BE15,2,FALSE) -> 0 | BF8: =VLOOKUP(G20,BF9:BG15,2,FALSE) -> 0 | BH8: =VLOOKUP(G20,BH9:BI15,2,FALSE) -> 0 | BM8: =VLOOKUP(G21,BM9:BN15,2,FALSE) -> 0 | BO8: =VLOOKUP(G21,BO9:BP15,2,FALSE) -> 0 | BQ8: =VLOOKUP(G21,BQ9:BR15,2,FALSE) -> 0 | BV8: =VLOOKUP(G27,BV9:BW15,2,FALSE) -> 0 | BX8: =VLOOKUP(G27,BX9:BY15,2,FALSE) -> 0 | BZ8: =VLOOKUP(G27,BZ9:CA15,2,FALSE) -> 0 | CE8: =VLOOKUP(H68,CE9:CF15,2,FALSE) -> 0 | CG8: =VLOOKUP(H68,CG9:CH15,2,FALSE) -> 0 | CI8: =VLOOKUP(H68,CI9:CJ15,2,FALSE) -> 0 | CN8: =VLOOKUP(G16,CN9:CO15,2,FALSE) -> 0 | CP8: =VLOOKUP(G16,CP9:CQ15,2,FALSE) -> 0 | CR8: =VLOOKUP(G16,CR9:CS15,2,FALSE) -> 0 | CW8: =VLOOKUP(G28,CW9:CX15,2,FALSE) -> 0 | CY8: =VLOOKUP(G28,CY9:CZ15,2,FALSE) -> 0 | DA8: =VLOOKUP(G28,DA9:DB15,2,FALSE) -> 0 | DF8: =VLOOKUP(G44,DF9:DG15,2,FALSE) -> 0 | DH8: =VLOOKUP(G44,DH9:DI15,2,FALSE) -> 0 | DJ8: =VLOOKUP(G44,DJ9:DK15,2,FALSE) -> 0 | DO8: =VLOOKUP(G47,DO9:DP15,2,FALSE) -> 0 | DQ8: =VLOOKUP(G47,DQ9:DR15,2,FALSE) -> 0 | DS8: =VLOOKUP(G47,DS9:DT15,2,FALSE) -> 0
G9: غلاء المعيشة | I9: * | N9: =N7+Q7+O7+P7 -> #DIV/0! | S9: =S7+U7 -> #DIV/0! | AC9: NBK | AD9: =D23 -> 0 | AE9: NBK | AG9: NBK | AL9: NBK | AM9: =D18 -> 0 | AN9: NBK | AP9: NBK | AU9: NBK | AV9: =D19 -> 0 | AW9: NBK | AY9: NBK | BD9: NBK | BE9: =D20 -> 0 | BF9: NBK | BH9: NBK | BM9: NBK | BN9: =D21 -> 0 | BO9: NBK | BQ9: NBK | BV9: NBK | BW9: =D27 -> 0 | BX9: NBK | BZ9: NBK | CE9: NBK | CF9: =D67 -> 0 | CG9: NBK | CI9: NBK | CN9: NBK | CO9: =D16 -> 0 | CP9: NBK | CR9: NBK | CW9: NBK | CX9: =D28 -> 0 | CY9: NBK | DA9: NBK | DF9: NBK | DG9: =D44 -> 0 | DH9: NBK | DJ9: NBK | DO9: NBK | DP9: =D47 -> 0 | DQ9: NBK | DS9: NBK
G10: علاوة إسكان | I10: * | N10: =1-N8 -> #DIV/0! | P10: المتبقي من الراتب | S10: =1-S8 -> #DIV/0! | U10: المتبقي من الراتب | AC10: ILA | AE10: ILA | AG10: ILA | AL10: ILA | AN10: ILA | AP10: ILA | AU10: ILA | AW10: ILA | AY10: ILA | BD10: ILA | BF10: ILA | BH10: ILA | BM10: ILA | BO10: ILA | BQ10: ILA | BV10: ILA | BX10: ILA | BZ10: ILA | CE10: ILA | CG10: ILA | CI10: ILA | CN10: ILA | CP10: ILA | CR10: ILA | CW10: ILA | CY10: ILA | DA10: ILA | DF10: ILA | DH10: ILA | DJ10: ILA | DO10: ILA | DQ10: ILA | DS10: ILA
G11: لا مـــــا بتــــــــنزل ذي الشهر | H11: دعم اللحوم كل ثلاث شهور | I11: * | N11: =((D6+U83+AA83+AA89+U89)*N10)/1 -> #DIV/0! | S11: =((D6+U83+AA83+AA89+U89)*S10)/1 -> #DIV/0! | AC11: BBK | AE11: BBK | AF11: =D23 -> 0 | AG11: BBK | AL11: BBK | AN11: BBK | AO11: =D18 -> 0 | AP11: BBK | AU11: BBK | AW11: BBK | AX11: =D19 -> 0 | AY11: BBK | BD11: BBK | BF11: BBK | BG11: =D20 -> 0 | BH11: BBK | BM11: BBK | BO11: BBK | BP11: =D21 -> 0 | BQ11: BBK | BV11: BBK | BX11: BBK | BY11: =D27 -> 0 | BZ11: BBK | CE11: BBK | CG11: BBK | CH11: =D67 -> 0 | CI11: BBK | CN11: BBK | CP11: BBK | CQ11: =D16 -> 0 | CR11: BBK | CW11: BBK | CY11: BBK | CZ11: =D28 -> 0 | DA11: BBK | DF11: BBK | DH11: BBK | DI11: =D44 -> 0 | DJ11: BBK | DO11: BBK | DQ11: BBK | DR11: =D47 -> 0 | DS11: BBK
G12: مساعدات خيرية | I12: * | AC12: MEEM | AE12: MEEM | AG12: MEEM | AL12: MEEM | AN12: MEEM | AP12: MEEM | AU12: MEEM | AW12: MEEM | AY12: MEEM | BD12: MEEM | BF12: MEEM | BH12: MEEM | BM12: MEEM | BO12: MEEM | BQ12: MEEM | BV12: MEEM | BX12: MEEM | BZ12: MEEM | CE12: MEEM | CG12: MEEM | CI12: MEEM | CN12: MEEM | CP12: MEEM | CR12: MEEM | CW12: MEEM | CY12: MEEM | DA12: MEEM | DF12: MEEM | DH12: MEEM | DJ12: MEEM | DO12: MEEM | DQ12: MEEM | DS12: MEEM
G13: مدخول اعمال حرة او خاص او جمعية او غيرها | I13: * | N13: النسبة المئوية للراتب الشهري + المدخول الإضافي | S13: النسبة المئوية للراتب الشهري + المدخول الإضافي | AC13: NBB | AE13: NBB | AG13: NBB | AH13: =D23 -> 0 | AL13: NBB | AN13: NBB | AP13: NBB | AQ13: =D18 -> 0 | AU13: NBB | AW13: NBB | AY13: NBB | AZ13: =D19 -> 0 | BD13: NBB | BF13: NBB | BH13: NBB | BI13: =D20 -> 0 | BM13: NBB | BO13: NBB | BQ13: NBB | BR13: =D21 -> 0 | BV13: NBB | BX13: NBB | BZ13: NBB | CA13: =D27 -> 0 | CE13: NBB | CG13: NBB | CI13: NBB | CJ13: =D67 -> 0 | CN13: NBB | CP13: NBB | CR13: NBB | CS13: =D16 -> 0 | CW13: NBB | CY13: NBB | DA13: NBB | DB13: =D28 -> 0 | DF13: NBB | DH13: NBB | DJ13: NBB | DK13: =D44 -> 0 | DO13: NBB | DQ13: NBB | DS13: NBB | DT13: =D47 -> 0
E14: لا | G14: ركز اهني هل يوجد عيد في ذي الشهر حق لثياب او العيادي | I14: مجرد ملاحظة و مارح ينحسب , اختار البنك | K14: مــــــــــــــلاحظات | N14: الاستثمار | O14: ادخار الحج | P14: ادخار ( تأمين و تسجيل + ثياب العيد ) + للسفر | Q14: مصاريف متنوع | S14: الاستثمار | U14: مصاريف متنوع | AC14: بطاقة صراف الالي | AE14: بطاقة صراف الالي | AG14: بطاقة صراف الالي | AL14: بطاقة صراف الالي | AN14: بطاقة صراف الالي | AP14: بطاقة صراف الالي | AU14: بطاقة صراف الالي | AW14: بطاقة صراف الالي | AY14: بطاقة صراف الالي | BD14: بطاقة صراف الالي | BF14: بطاقة صراف الالي | BH14: بطاقة صراف الالي | BM14: بطاقة صراف الالي | BO14: بطاقة صراف الالي | BQ14: بطاقة صراف الالي | BV14: بطاقة صراف الالي | BX14: بطاقة صراف الالي | BZ14: بطاقة صراف الالي | CE14: بطاقة صراف الالي | CG14: بطاقة صراف الالي | CI14: بطاقة صراف الالي | CN14: بطاقة صراف الالي | CP14: بطاقة صراف الالي | CR14: بطاقة صراف الالي | CW14: بطاقة صراف الالي | CY14: بطاقة صراف الالي | DA14: بطاقة صراف الالي | DF14: بطاقة صراف الالي | DH14: بطاقة صراف الالي | DJ14: بطاقة صراف الالي | DO14: بطاقة صراف الالي | DQ14: بطاقة صراف الالي | DS14: بطاقة صراف الالي
B15: ذهاب الى | D15: المصاريف الشهرية وتوزيعها | N15: =(DF30+DH30+DJ30+DF41+DH41+DJ41)/(D6+D9+D10+D11+D12+D13+U83+AA83+AA89+U89)*1 -> #DIV/0! | O15: =(CW30+CY30+DA30+CW41+CY41+DA41)/(D6+D9+D10+D11+D12+D13+U83+AA83+AA89+U89)*1 -> #DIV/0! | P15: =(DO30+DQ30+DS30+DO41+DQ41+DS41+DO8+DQ8+DS8+DO19+DQ19+DS19)/(D6+D9+D10+D11+D12+D13+U83+AA83+AA89+U89)*1 -> #DIV/0! | Q15: =(D103-N7)/(D6+D9+D10+D11+D12+D13+U83+AA83+AA89+U89)*1 -> #DIV/0! | S15: =(DF30+DH30+DJ30+DF41+DH41+DJ41)/(D6+D9+D10+D11+D12+D13+U83+AA83+AA89+U89)*1 -> #DIV/0! | U15: =(D103-N7)/(D6+D9+D10+D11+D12+D13+U83+AA83+AA89+U89)*1 -> #DIV/0! | AC15: غير محسوب ذي الشهر | AE15: غير محسوب ذي الشهر | AG15: غير محسوب ذي الشهر | AL15: غير محسوب ذي الشهر | AN15: غير محسوب ذي الشهر | AP15: غير محسوب ذي الشهر | AU15: غير محسوب ذي الشهر | AW15: غير محسوب ذي الشهر | AY15: غير محسوب ذي الشهر | BD15: غير محسوب ذي الشهر | BF15: غير محسوب ذي الشهر | BH15: غير محسوب ذي الشهر | BM15: غير محسوب ذي الشهر | BO15: غير محسوب ذي الشهر | BQ15: غير محسوب ذي الشهر | BV15: غير محسوب ذي الشهر | BX15: غير محسوب ذي الشهر | BZ15: غير محسوب ذي الشهر | CE15: غير محسوب ذي الشهر | CG15: غير محسوب ذي الشهر | CI15: غير محسوب ذي الشهر | CN15: غير محسوب ذي الشهر | CP15: غير محسوب ذي الشهر | CR15: غير محسوب ذي الشهر | CW15: غير محسوب ذي الشهر | CY15: غير محسوب ذي الشهر | DA15: غير محسوب ذي الشهر | DF15: غير محسوب ذي الشهر | DH15: غير محسوب ذي الشهر | DJ15: غير محسوب ذي الشهر | DO15: غير محسوب ذي الشهر | DQ15: غير محسوب ذي الشهر | DS15: غير محسوب ذي الشهر
B16: شهر 1 | G16: بطاقة صراف الالي | H16: راتب الزوجة | I16: ILA | K16: تصليح الكورولا cv اكسل و لور ارم ٨٧ ديتار | N16: =DF30+DH30+DJ30+DF41+DH41+DJ41 -> 0 | O16: =CW30+CY30+DA30+CW41+CY41+DA41 -> 0 | P16: =DO30+DQ30+DS30+DO41+DQ41+DS41+DO8+DQ8+DS8+DO19+DQ19+DS19 -> 0 | Q16: =(D6+D9+D10+D11+D12+D13+U83+AA83+AA89+U89)*Q15/1 -> #DIV/0! | S16: =DF30+DH30+DJ30+DF41+DH41+DJ41 -> 0 | U16: =(D6+D9+D10+D11+D12+D13+U83+AA83+AA89+U89)*Q15/1 -> #DIV/0!
B17: شهر 2 | G17: بطاقة صراف الالي | H17: مصروف العائلة | I17: - | N17: =(Q15+O15+N15+P15) -> #DIV/0! | P17: مجموع النسبة المئوية الكلي | S17: =(U15+S15) -> #DIV/0! | U17: مجموع النسبة المئوية الكلي
B18: شهر 3 | G18: بطاقة صراف الالي | H18: أجار الشقة او المنزل | I18: - | N18: =N16+O16+Q16+P16 -> #DIV/0! | S18: =S16+U16 -> #DIV/0! | AC18: علاج 2 | AE18: علاج 4 | AG18: علاج 6 | AI18: علاج 7 | AL18: اجار الشقة ١٫٢ | AN18: اجار الشقة ١٫٤ | AP18: اجار الشقة ١٫٦ | AR18: اجار الشقة ١٫٧ | AU18: ماجلة البيت ١٫٢ | AW18: ماجلة البيت ١٫٤ | AY18: ماجلة البيت ١٫٦ | BA18: ماجلة البيت ١٫٧ | BD18: جميع الابيال ١٫٢ | BF18: جميع الابيال ١٫٤ | BH18: جميع الابيال ١٫٦ | BJ18: جميع الابيال ١٫٧ | BM18: بيل الكهرباء ١٫٢ | BO18: بيل الكهرباء ١٫٤ | BQ18: بيل الكهرباء ١٫٦ | BS18: بيل الكهرباء ١٫٧ | BV18: بترول الجميع ١٫٢ | BX18: بترول الجميع ١٫٤ | BZ18: بترول الجميع ١٫٦ | CB18: بترول الجميع ١٫٧ | CE18: قسط بطاقة الفيزا البنكية 1.2 | CG18: قسط بطاقة الفيزا البنكية 1.4 | CI18: قسط بطاقة الفيزا البنكية 1.6 | CK18: قسط بطاقة الفيزا البنكية 1.7 | CN18: راتب الزوجة 1.2 | CP18: راتب الزوجة 1.4 | CR18: راتب الزوجة 1.6 | CT18: راتب الزوجة 1.7 | CW18: عامل التنظيف لجميع السيارات 1.2 | CY18: عامل التنظيف لجميع السيارات 1.4 | DA18: عامل التنظيف لجميع السيارات 1.6 | DC18: عامل التنظيف لجميع السيارات 1.7 | DF18: جمعية 1.2 | DH18: جمعية 1.4 | DJ18: جمعية 1.6 | DL18: جمعية 1.7 | DO18: ادخار ( تأمين و تسجيل + ثياب العيد + الروضة ) 1.2 | DQ18: ادخار ( تأمين و تسجيل + ثياب العيد + الروضة ) 1.4 | DS18: ادخار ( تأمين و تسجيل + ثياب العيد + الروضة ) 1.6 | DU18: ادخار ( تأمين و تسجيل + ثياب العيد + الروضة ) 1.7
B19: شهر 4 | G19: بطاقة صراف الالي | H19: ماچلة البيت | I19: - | N19: =1-N17 -> #DIV/0! | P19: المتبقي من الراتب | S19: =1-S17 -> #DIV/0! | U19: المتبقي من الراتب | AC19: =VLOOKUP(G23,AC20:AD26,2,FALSE) -> 0 | AE19: =VLOOKUP(G23,AE20:AF26,2,FALSE) -> 0 | AG19: =VLOOKUP(G23,AG20:AH26,2,FALSE) -> 0 | AI19: =VLOOKUP(G23,AI20:AJ26,2,FALSE) -> 0 | AL19: =VLOOKUP(G18,AL20:AM26,2,FALSE) -> 0 | AN19: =VLOOKUP(G18,AN20:AO26,2,FALSE) -> 0 | AP19: =VLOOKUP(G18,AP20:AQ26,2,FALSE) -> 0 | AR19: =VLOOKUP(G18,AR20:AS26,2,FALSE) -> 0 | AU19: =VLOOKUP(G19,AU20:AV26,2,FALSE) -> 0 | AW19: =VLOOKUP(G19,AW20:AX26,2,FALSE) -> 0 | AY19: =VLOOKUP(G19,AY20:AZ26,2,FALSE) -> 0 | BA19: =VLOOKUP(G19,BA20:BB26,2,FALSE) -> 0 | BD19: =VLOOKUP(G20,BD20:BE26,2,FALSE) -> 0 | BF19: =VLOOKUP(G20,BF20:BG26,2,FALSE) -> 0 | BH19: =VLOOKUP(G20,BH20:BI26,2,FALSE) -> 0 | BJ19: =VLOOKUP(G20,BJ20:BK26,2,FALSE) -> 0 | BM19: =VLOOKUP(G21,BM20:BN26,2,FALSE) -> 0 | BO19: =VLOOKUP(G21,BO20:BP26,2,FALSE) -> 0 | BQ19: =VLOOKUP(G21,BQ20:BR26,2,FALSE) -> 0 | BS19: =VLOOKUP(G21,BS20:BT26,2,FALSE) -> 0 | BV19: =VLOOKUP(G27,BV20:BW26,2,FALSE) -> 0 | BX19: =VLOOKUP(G27,BX20:BY26,2,FALSE) -> 0 | BZ19: =VLOOKUP(G27,BZ20:CA26,2,FALSE) -> 0 | CB19: =VLOOKUP(G27,CB20:CC26,2,FALSE) -> 0 | CE19: =VLOOKUP(H68,CE20:CF26,2,FALSE) -> 0 | CG19: =VLOOKUP(H68,CG20:CH26,2,FALSE) -> 0 | CI19: =VLOOKUP(H68,CI20:CJ26,2,FALSE) -> 0 | CK19: =VLOOKUP(H68,CK20:CL26,2,FALSE) -> 0 | CN19: =VLOOKUP(G16,CN20:CO26,2,FALSE) -> 0 | CP19: =VLOOKUP(G16,CP20:CQ26,2,FALSE) -> 0 | CR19: =VLOOKUP(G16,CR20:CS26,2,FALSE) -> 0 | CT19: =VLOOKUP(G16,CT20:CU26,2,FALSE) -> 0 | CW19: =VLOOKUP(G28,CW20:CX26,2,FALSE) -> 0 | CY19: =VLOOKUP(G28,CY20:CZ26,2,FALSE) -> 0 | DA19: =VLOOKUP(G28,DA20:DB26,2,FALSE) -> 0 | DC19: =VLOOKUP(G28,DC20:DD26,2,FALSE) -> 0 | DF19: =VLOOKUP(G44,DF20:DG26,2,FALSE) -> 0 | DH19: =VLOOKUP(G44,DH20:DI26,2,FALSE) -> 0 | DJ19: =VLOOKUP(G44,DJ20:DK26,2,FALSE) -> 0 | DL19: =VLOOKUP(G44,DL20:DM26,2,FALSE) -> 0 | DO19: =VLOOKUP(G47,DO20:DP26,2,FALSE) -> 0 | DQ19: =VLOOKUP(G47,DQ20:DR26,2,FALSE) -> 0 | DS19: =VLOOKUP(G47,DS20:DT26,2,FALSE) -> 0 | DU19: =VLOOKUP(G47,DU20:DV26,2,FALSE) -> 0
B20: شهر 5 | G20: بطاقة صراف الالي | H20: جميع الابيال الانترنت و خطوط الهاتف | I20: - | N20: =(D6+D9+D10+D11+D12+D13+U83+AA83+AA89+U89)*N19/1 -> #DIV/0! | S20: =(D6+D9+D10+D11+D12+D13+U83+AA83+AA89+U89)*S19/1 -> #DIV/0! | AC20: NBK | AE20: NBK | AG20: NBK | AI20: NBK | AL20: NBK | AN20: NBK | AP20: NBK | AR20: NBK | AU20: NBK | AW20: NBK | AY20: NBK | BA20: NBK | BD20: NBK | BF20: NBK | BH20: NBK | BJ20: NBK | BM20: NBK | BO20: NBK | BQ20: NBK | BS20: NBK | BV20: NBK | BX20: NBK | BZ20: NBK | CB20: NBK | CE20: NBK | CG20: NBK | CI20: NBK | CK20: NBK | CN20: NBK | CP20: NBK | CR20: NBK | CT20: NBK | CW20: NBK | CY20: NBK | DA20: NBK | DC20: NBK | DF20: NBK | DH20: NBK | DJ20: NBK | DL20: NBK | DO20: NBK | DQ20: NBK | DS20: NBK | DU20: NBK
B21: شهر 6 | G21: بطاقة صراف الالي | H21: بيل الكهرباء و الماء | I21: - | AC21: ILA | AD21: =D23 -> 0 | AE21: ILA | AG21: ILA | AI21: ILA | AL21: ILA | AM21: =D18 -> 0 | AN21: ILA | AP21: ILA | AR21: ILA | AU21: ILA | AV21: =D19 -> 0 | AW21: ILA | AY21: ILA | BA21: ILA | BD21: ILA | BE21: =D20 -> 0 | BF21: ILA | BH21: ILA | BJ21: ILA | BM21: ILA | BN21: =D21 -> 0 | BO21: ILA | BQ21: ILA | BS21: ILA | BV21: ILA | BW21: =D27 -> 0 | BX21: ILA | BZ21: ILA | CB21: ILA | CE21: ILA | CF21: =D67 -> 0 | CG21: ILA | CI21: ILA | CK21: ILA | CN21: ILA | CO21: =D16 -> 0 | CP21: ILA | CR21: ILA | CT21: ILA | CW21: ILA | CX21: =D28 -> 0 | CY21: ILA | DA21: ILA | DC21: ILA | DF21: ILA | DG21: =D44 -> 0 | DH21: ILA | DJ21: ILA | DL21: ILA | DO21: ILA | DP21: =D47 -> 0 | DQ21: ILA | DS21: ILA | DU21: ILA
B22: شهر 7 | G22: بطاقة صراف الالي | H22: مصروفات أخرى | I22: - | O22: مجموع الكلي الاقتطاعات للبطائق و حسابي المصرفي | AC22: BBK | AE22: BBK | AG22: BBK | AI22: BBK | AL22: BBK | AN22: BBK | AP22: BBK | AR22: BBK | AU22: BBK | AW22: BBK | AY22: BBK | BA22: BBK | BD22: BBK | BF22: BBK | BH22: BBK | BJ22: BBK | BM22: BBK | BO22: BBK | BQ22: BBK | BS22: BBK | BV22: BBK | BX22: BBK | BZ22: BBK | CB22: BBK | CE22: BBK | CG22: BBK | CI22: BBK | CK22: BBK | CN22: BBK | CP22: BBK | CR22: BBK | CT22: BBK | CW22: BBK | CY22: BBK | DA22: BBK | DC22: BBK | DF22: BBK | DH22: BBK | DJ22: BBK | DL22: BBK | DO22: BBK | DQ22: BBK | DS22: BBK | DU22: BBK
B23: شهر 8 | G23: بطاقة صراف الالي | H23: علاج | I23: - | O23: اسم البنك | P23: السعر | AC23: MEEM | AE23: MEEM | AF23: =D23 -> 0 | AG23: MEEM | AI23: MEEM | AL23: MEEM | AN23: MEEM | AO23: =D18 -> 0 | AP23: MEEM | AR23: MEEM | AU23: MEEM | AW23: MEEM | AX23: =D19 -> 0 | AY23: MEEM | BA23: MEEM | BD23: MEEM | BF23: MEEM | BG23: =D20 -> 0 | BH23: MEEM | BJ23: MEEM | BM23: MEEM | BO23: MEEM | BP23: =D21 -> 0 | BQ23: MEEM | BS23: MEEM | BV23: MEEM | BX23: MEEM | BY23: =D27 -> 0 | BZ23: MEEM | CB23: MEEM | CE23: MEEM | CG23: MEEM | CH23: =D67 -> 0 | CI23: MEEM | CK23: MEEM | CN23: MEEM | CP23: MEEM | CQ23: =D16 -> 0 | CR23: MEEM | CT23: MEEM | CW23: MEEM | CY23: MEEM | CZ23: =D28 -> 0 | DA23: MEEM | DC23: MEEM | DF23: MEEM | DH23: MEEM | DI23: =D44 -> 0 | DJ23: MEEM | DL23: MEEM | DO23: MEEM | DQ23: MEEM | DR23: =D47 -> 0 | DS23: MEEM | DU23: MEEM
B24: شهر 9 | G24: غير محسوب ذي الشهر | H24: دفع مشتريات بطاقة الفيزا متنوعة ١ | I24: - | O24: NBK | P24: =AC75+AC84+AC93+AC8+AL8+AU8+BD8+BM8+BV8+AC30+AL30+AU30+BD30+AC52+AL52+AU52+BD52+BM52+BM30+BV30+BV52+CE8+CE30+CE52+CN8+CN30+CN52+CW8+CW30+CW52+DF8+DF30+DF52+DO8+DO30 -> 0 | AC24: NBB | AE24: NBB | AG24: NBB | AI24: NBB | AL24: NBB | AN24: NBB | AP24: NBB | AR24: NBB | AU24: NBB | AW24: NBB | AY24: NBB | BA24: NBB | BD24: NBB | BF24: NBB | BH24: NBB | BJ24: NBB | BM24: NBB | BO24: NBB | BQ24: NBB | BS24: NBB | BV24: NBB | BX24: NBB | BZ24: NBB | CB24: NBB | CE24: NBB | CG24: NBB | CI24: NBB | CK24: NBB | CN24: NBB | CP24: NBB | CR24: NBB | CT24: NBB | CW24: NBB | CY24: NBB | DA24: NBB | DC24: NBB | DF24: NBB | DH24: NBB | DJ24: NBB | DL24: NBB | DO24: NBB | DQ24: NBB | DS24: NBB | DU24: NBB
B25: شهر 10 | G25: غير محسوب ذي الشهر | H25: دفع مشتريات بطاقة الفيزا متنوعة ٢ | I25: - | O25: ILA | P25: =AE75+AE84+AE93+AC19+AL19+AU19+BD19+BM19+BV19+AC41+AL41+AU41+BD41+AC63+AL63+AU63+BD63+BM63+BM41+BV41+BV63+CE19+CE41+CE63+CN19+CN41+CN63+CW19+CW41+CW63+DF19+DF41+DF63+DO19+DO41 -> 0 | AC25: بطاقة صراف الالي | AE25: بطاقة صراف الالي | AG25: بطاقة صراف الالي | AH25: =D23 -> 0 | AI25: بطاقة صراف الالي | AL25: بطاقة صراف الالي | AN25: بطاقة صراف الالي | AP25: بطاقة صراف الالي | AQ25: =D18 -> 0 | AR25: بطاقة صراف الالي | AU25: بطاقة صراف الالي | AW25: بطاقة صراف الالي | AY25: بطاقة صراف الالي | AZ25: =D19 -> 0 | BA25: بطاقة صراف الالي | BD25: بطاقة صراف الالي | BF25: بطاقة صراف الالي | BH25: بطاقة صراف الالي | BI25: =D20 -> 0 | BJ25: بطاقة صراف الالي | BM25: بطاقة صراف الالي | BO25: بطاقة صراف الالي | BQ25: بطاقة صراف الالي | BR25: =D21 -> 0 | BS25: بطاقة صراف الالي | BV25: بطاقة صراف الالي | BX25: بطاقة صراف الالي | BZ25: بطاقة صراف الالي | CA25: =D27 -> 0 | CB25: بطاقة صراف الالي | CE25: بطاقة صراف الالي | CG25: بطاقة صراف الالي | CI25: بطاقة صراف الالي | CJ25: =D67 -> 0 | CK25: بطاقة صراف الالي | CN25: بطاقة صراف الالي | CP25: بطاقة صراف الالي | CR25: بطاقة صراف الالي | CS25: =D16 -> 0 | CT25: بطاقة صراف الالي | CW25: بطاقة صراف الالي | CY25: بطاقة صراف الالي | DA25: بطاقة صراف الالي | DB25: =D28 -> 0 | DC25: بطاقة صراف الالي | DF25: بطاقة صراف الالي | DH25: بطاقة صراف الالي | DJ25: بطاقة صراف الالي | DK25: =D44 -> 0 | DL25: بطاقة صراف الالي | DO25: بطاقة صراف الالي | DQ25: بطاقة صراف الالي | DS25: بطاقة صراف الالي | DT25: =D47 -> 0 | DU25: بطاقة صراف الالي
B26: شهر 11 | G26: غير محسوب ذي الشهر | H26: دفع مشتريات بطاقة الفيزا متنوعة ٣ | I26: - | O26: BBK | P26: =AG75+AG84+AG93+AE8+AN8+AW8+BF8+BO8+BX8+AE30+AN30+AW30+BF30+AE52+AN52+AW52+BF52+BO52+BO30+BX30+BX52+CG8+CG30+CG52+CP8+CP30+CP52+CY8+CY30+CY52+DH8+DH30+DH52+DQ8+DQ30 -> 0 | AC26: غير محسوب ذي الشهر | AE26: غير محسوب ذي الشهر | AG26: غير محسوب ذي الشهر | AI26: غير محسوب ذي الشهر | AJ26: =D23 -> 0 | AL26: غير محسوب ذي الشهر | AN26: غير محسوب ذي الشهر | AP26: غير محسوب ذي الشهر | AR26: غير محسوب ذي الشهر | AS26: =D18 -> 0 | AU26: غير محسوب ذي الشهر | AW26: غير محسوب ذي الشهر | AY26: غير محسوب ذي الشهر | BA26: غير محسوب ذي الشهر | BB26: =D19 -> 0 | BD26: غير محسوب ذي الشهر | BF26: غير محسوب ذي الشهر | BH26: غير محسوب ذي الشهر | BJ26: غير محسوب ذي الشهر | BK26: =D20 -> 0 | BM26: غير محسوب ذي الشهر | BO26: غير محسوب ذي الشهر | BQ26: غير محسوب ذي الشهر | BS26: غير محسوب ذي الشهر | BT26: =D21 -> 0 | BV26: غير محسوب ذي الشهر | BX26: غير محسوب ذي الشهر | BZ26: غير محسوب ذي الشهر | CB26: غير محسوب ذي الشهر | CC26: =D27 -> 0 | CE26: غير محسوب ذي الشهر | CG26: غير محسوب ذي الشهر | CI26: غير محسوب ذي الشهر | CK26: غير محسوب ذي الشهر | CL26: =D67 -> 0 | CN26: غير محسوب ذي الشهر | CP26: غير محسوب ذي الشهر | CR26: غير محسوب ذي الشهر | CT26: غير محسوب ذي الشهر | CU26: =D16 -> 0 | CW26: غير محسوب ذي الشهر | CY26: غير محسوب ذي الشهر | DA26: غير محسوب ذي الشهر | DC26: غير محسوب ذي الشهر | DD26: =D28 -> 0 | DF26: غير محسوب ذي الشهر | DH26: غير محسوب ذي الشهر | DJ26: غير محسوب ذي الشهر | DL26: غير محسوب ذي الشهر | DM26: =D44 -> 0 | DO26: غير محسوب ذي الشهر | DQ26: غير محسوب ذي الشهر | DS26: غير محسوب ذي الشهر | DU26: غير محسوب ذي الشهر | DV26: =D47 -> 0
B27: شهر 12 | G27: بطاقة صراف الالي | H27: بترول جميع السيارات | I27: - | O27: MEEM | P27: =AI75+AI84+AI93+AE19+AN19+AW19+BF19+BO19+BX19+AE41+AN41+AW41+BF41+AE63+AN63+AW63+BF63+BO63+BO41+BX41+BX63+CG19+CG41+CG63+CP19+CP41+CP63+CY19+CY41+CY63+DH19+DH41+DH63+DQ19+DQ41 -> 0
B28: سلف و دين واقساط | G28: بطاقة صراف الالي | H28: عامل التنظيف لجميع السيارات | I28: - | O28: NBB | P28: =AK75+AK84+AK93+AG8+AP8+AY8+BH8+BQ8+BZ8+AG30+AP30+AY30+BH30+AG52+AP52+AY52+BH52+BQ52+BQ30+BZ30+BZ52+CI8+CI30+CI52+CR8+CR30+CR52+DA8+DA30+DA52+DJ8+DJ30+DJ52+DS8+DS30 -> 0
G29: بطاقة صراف الالي | H29: تصليح السيارة ( تبديل قطع غيار , صباغة و غيره) | I29: ILA | K29: تصليح مكيف الكامري | O29: بطاقة صراف الالي | P29: =AG19+AP19+AY19+BH19+BQ19+BZ19+AG41+AP41+AY41+AG63+AP63+AY63+BH63+BQ63+BQ41+BZ41+BZ63+BH41+CI19+CI41+CI63+CR19+CR41+CR63+DA19+DA41+DA63+DJ19+DJ41+DJ63+DS19+DS41 -> 0 | AC29: تصليح سيارة ١٫١ | AE29: تصليح سيارة ١٫٣ | AG29: تصليح سيارة ١٫٥ | AL29: تصليح سيارة 2.1 | AN29: تصليح سيارة 2.3 | AP29: تصليح سيارة 2.5 | AU29: تعديل البيت ١٫١ | AW29: تعديل البيت ١٫٣ | AY29: تعديل البيت ١٫٥ | BD29: تعديل البيت ٢٫١ | BF29: تعديل البيت ٢٫٣ | BH29: تعديل البيت ٢٫٥ | BM29: دروس تقوية للأطفال و الكبار 1.1 | BO29: دروس تقوية للأطفال و الكبار 1.3 | BQ29: دروس تقوية للأطفال و الكبار 1.5 | BV29: احتياجات ألاطفال 1.1 | BX29: احتياجات ألاطفال 1.3 | BZ29: احتياجات ألاطفال 1.5 | CE29: قسط البنك 1.1 | CG29: قسط البنك 1.3 | CI29: قسط البنك 1.5 | CN29: مصروف العائلة 1.1 | CP29: مصروف العائلة 1.3 | CR29: مصروف العائلة 1.5 | CW29: ادخار للحج 1.1 | CY29: ادخار للحج 1.3 | DA29: ادخار للحج 1.5 | DF29: استثمار 1.1 | DH29: استثمار 1.3 | DJ29: استثمار 1.5 | DO29: ادخار للسفر 1.1 | DQ29: ادخار للسفر 1.3 | DS29: ادخار للسفر 1.5
G30: بطاقة صراف الالي | I30: - | O30: غير محسوب ذي الشهر | P30: =AM93+AM84+AM75+AI19+AI41+AI63+AR19+AR41+AR63+BA19+BA41+BA63+BJ19+BJ41+BJ63+BS63+BS41+BS19+CB19+CB41+CB63+CK19+CK41+CK63+CT19+CT41+CT63+DC19+DC41+DC63+DL19+DL41+DL63+DU19+DU41 -> 0 | AC30: =VLOOKUP(G29,AC31:AD37,2,FALSE) -> 0 | AE30: =VLOOKUP(G29,AE31:AF37,2,FALSE) -> 0 | AG30: =VLOOKUP(G29,AG31:AH37,2,FALSE) -> 0 | AL30: =VLOOKUP(G30,AL31:AM37,2,FALSE) -> 0 | AN30: =VLOOKUP(G30,AN31:AO37,2,FALSE) -> 0 | AP30: =VLOOKUP(G30,AP31:AQ37,2,FALSE) -> 0 | AU30: =VLOOKUP(G31,AU31:AV37,2,FALSE) -> 0 | AW30: =VLOOKUP(G31,AW31:AX37,2,FALSE) -> 0 | AY30: =VLOOKUP(G31,AY31:AZ37,2,FALSE) -> 0 | BD30: =VLOOKUP(G32,BD31:BE37,2,FALSE) -> 0 | BF30: =VLOOKUP(G32,BF31:BG37,2,FALSE) -> 0 | BH30: =VLOOKUP(G32,BH31:BI37,2,FALSE) -> 0 | BM30: =VLOOKUP(G39,BM31:BN37,2,FALSE) -> 0 | BO30: =VLOOKUP(G39,BO31:BP37,2,FALSE) -> 0 | BQ30: =VLOOKUP(G39,BQ31:BR37,2,FALSE) -> 0 | BV30: =VLOOKUP(G40,BV31:BW37,2,FALSE) -> 0 | BX30: =VLOOKUP(G40,BX31:BY37,2,FALSE) -> 0 | BZ30: =VLOOKUP(G40,BZ31:CA37,2,FALSE) -> 0 | CE30: =VLOOKUP(H74,CE31:CF37,2,FALSE) -> 0 | CG30: =VLOOKUP(H74,CG31:CH37,2,FALSE) -> 0 | CI30: =VLOOKUP(H74,CI31:CJ37,2,FALSE) -> 0 | CN30: =VLOOKUP(G17,CN31:CO37,2,FALSE) -> 0 | CP30: =VLOOKUP(G17,CP31:CQ37,2,FALSE) -> 0 | CR30: =VLOOKUP(G17,CR31:CS37,2,FALSE) -> 0 | CW30: =VLOOKUP(G42,CW31:CX37,2,FALSE) -> 0 | CY30: =VLOOKUP(G42,CY31:CZ37,2,FALSE) -> 0 | DA30: =VLOOKUP(G42,DA31:DB37,2,FALSE) -> 0 | DF30: =VLOOKUP(G45,DF31:DG37,2,FALSE) -> 0 | DH30: =VLOOKUP(G45,DH31:DI37,2,FALSE) -> 0 | DJ30: =VLOOKUP(G45,DJ31:DK37,2,FALSE) -> 0 | DO30: =VLOOKUP(G48,DO31:DP37,2,FALSE) -> 0 | DQ30: =VLOOKUP(G48,DQ31:DR37,2,FALSE) -> 0 | DS30: =VLOOKUP(G48,DS31:DT37,2,FALSE) -> 0
G31: بطاقة صراف الالي | H31: تعديل او تصليح او ( إضافة في المنزل مثل شراء أغراض ) | I31: - | AC31: NBK | AD31: =D29 -> 0 | AE31: NBK | AG31: NBK | AL31: NBK | AM31: =D30 -> 0 | AN31: NBK | AP31: NBK | AU31: NBK | AV31: =D31 -> 0 | AW31: NBK | AY31: NBK | BD31: NBK | BE31: =D32 -> 0 | BF31: NBK | BH31: NBK | BM31: NBK | BN31: =D39 -> 0 | BO31: NBK | BQ31: NBK | BV31: NBK | BW31: =D41+E41+F41 -> 0 | BX31: NBK | BZ31: NBK | CE31: NBK | CF31: =D73 -> 0 | CG31: NBK | CI31: NBK | CN31: NBK | CO31: =D17 -> 0 | CP31: NBK | CR31: NBK | CW31: NBK | CX31: =D42 -> 0 | CY31: NBK | DA31: NBK | DF31: NBK | DG31: =D45 -> 0 | DH31: NBK | DJ31: NBK | DO31: NBK | DP31: =D48 -> 0 | DQ31: NBK | DS31: NBK
G32: بطاقة صراف الالي | I32: - | AC32: ILA | AE32: ILA | AG32: ILA | AL32: ILA | AN32: ILA | AP32: ILA | AU32: ILA | AW32: ILA | AY32: ILA | BD32: ILA | BF32: ILA | BH32: ILA | BM32: ILA | BO32: ILA | BQ32: ILA | BV32: ILA | BX32: ILA | BZ32: ILA | CE32: ILA | CG32: ILA | CI32: ILA | CN32: ILA | CP32: ILA | CR32: ILA | CW32: ILA | CY32: ILA | DA32: ILA | DF32: ILA | DH32: ILA | DJ32: ILA | DO32: ILA | DQ32: ILA | DS32: ILA
G33: - | H33: تكاليف العيدميلاد | AC33: BBK | AE33: BBK | AF33: =D29 -> 0 | AG33: BBK | AL33: BBK | AN33: BBK | AO33: =D30 -> 0 | AP33: BBK | AU33: BBK | AW33: BBK | AX33: =D31 -> 0 | AY33: BBK | BD33: BBK | BF33: BBK | BG33: =D32 -> 0 | BH33: BBK | BM33: BBK | BO33: BBK | BP33: =D39 -> 0 | BQ33: BBK | BV33: BBK | BX33: BBK | BY33: =D41+E41+F41 -> 0 | BZ33: BBK | CE33: BBK | CG33: BBK | CH33: =D73 -> 0 | CI33: BBK | CN33: BBK | CP33: BBK | CQ33: =D17 -> 0 | CR33: BBK | CW33: BBK | CY33: BBK | CZ33: =D42 -> 0 | DA33: BBK | DF33: BBK | DH33: BBK | DI33: =D45 -> 0 | DJ33: BBK | DO33: BBK | DQ33: BBK | DR33: =D48 -> 0 | DS33: BBK
G34: بطاقة صراف الالي | I34: - | O34: بطاقة الفيزاء مجرد معلومات عامة ( غير محسوب في الجدول ) | AC34: MEEM | AE34: MEEM | AG34: MEEM | AL34: MEEM | AN34: MEEM | AP34: MEEM | AU34: MEEM | AW34: MEEM | AY34: MEEM | BD34: MEEM | BF34: MEEM | BH34: MEEM | BM34: MEEM | BO34: MEEM | BQ34: MEEM | BV34: MEEM | BX34: MEEM | BZ34: MEEM | CE34: MEEM | CG34: MEEM | CI34: MEEM | CN34: MEEM | CP34: MEEM | CR34: MEEM | CW34: MEEM | CY34: MEEM | DA34: MEEM | DF34: MEEM | DH34: MEEM | DJ34: MEEM | DO34: MEEM | DQ34: MEEM | DS34: MEEM
G35: بطاقة صراف الالي | H35: مدرسة خاصة | I35: - | P35: الي لازم ادفع | AC35: NBB | AE35: NBB | AG35: NBB | AH35: =D29 -> 0 | AL35: NBB | AN35: NBB | AP35: NBB | AQ35: =D30 -> 0 | AU35: NBB | AW35: NBB | AY35: NBB | AZ35: =D31 -> 0 | BD35: NBB | BF35: NBB | BH35: NBB | BI35: =D32 -> 0 | BM35: NBB | BO35: NBB | BQ35: NBB | BR35: =D39 -> 0 | BV35: NBB | BX35: NBB | BZ35: NBB | CA35: =D41+E41+F41 -> 0 | CE35: NBB | CG35: NBB | CI35: NBB | CJ35: =D73 -> 0 | CN35: NBB | CP35: NBB | CR35: NBB | CS35: =D17 -> 0 | CW35: NBB | CY35: NBB | DA35: NBB | DB35: =D42 -> 0 | DF35: NBB | DH35: NBB | DJ35: NBB | DK35: =D45 -> 0 | DO35: NBB | DQ35: NBB | DS35: NBB | DT35: =D48 -> 0
G36: بطاقة صراف الالي | H36: روضة | I36: - | P36: تامين مالي + تسجيل سيارة | AC36: بطاقة صراف الالي | AE36: بطاقة صراف الالي | AG36: بطاقة صراف الالي | AL36: بطاقة صراف الالي | AN36: بطاقة صراف الالي | AP36: بطاقة صراف الالي | AU36: بطاقة صراف الالي | AW36: بطاقة صراف الالي | AY36: بطاقة صراف الالي | BD36: بطاقة صراف الالي | BF36: بطاقة صراف الالي | BH36: بطاقة صراف الالي | BM36: بطاقة صراف الالي | BO36: بطاقة صراف الالي | BQ36: بطاقة صراف الالي | BV36: بطاقة صراف الالي | BX36: بطاقة صراف الالي | BZ36: بطاقة صراف الالي | CE36: بطاقة صراف الالي | CG36: بطاقة صراف الالي | CI36: بطاقة صراف الالي | CN36: بطاقة صراف الالي | CP36: بطاقة صراف الالي | CR36: بطاقة صراف الالي | CW36: بطاقة صراف الالي | CY36: بطاقة صراف الالي | DA36: بطاقة صراف الالي | DF36: بطاقة صراف الالي | DH36: بطاقة صراف الالي | DJ36: بطاقة صراف الالي | DO36: بطاقة صراف الالي | DQ36: بطاقة صراف الالي | DS36: بطاقة صراف الالي
G37: بطاقة صراف الالي | H37: جامعة | I37: - | P37: تامين + تسجيل سيارة ابوي | AC37: غير محسوب ذي الشهر | AE37: غير محسوب ذي الشهر | AG37: غير محسوب ذي الشهر | AL37: غير محسوب ذي الشهر | AN37: غير محسوب ذي الشهر | AP37: غير محسوب ذي الشهر | AU37: غير محسوب ذي الشهر | AW37: غير محسوب ذي الشهر | AY37: غير محسوب ذي الشهر | BD37: غير محسوب ذي الشهر | BF37: غير محسوب ذي الشهر | BH37: غير محسوب ذي الشهر | BM37: غير محسوب ذي الشهر | BO37: غير محسوب ذي الشهر | BQ37: غير محسوب ذي الشهر | BV37: غير محسوب ذي الشهر | BX37: غير محسوب ذي الشهر | BZ37: غير محسوب ذي الشهر | CE37: غير محسوب ذي الشهر | CG37: غير محسوب ذي الشهر | CI37: غير محسوب ذي الشهر | CN37: غير محسوب ذي الشهر | CP37: غير محسوب ذي الشهر | CR37: غير محسوب ذي الشهر | CW37: غير محسوب ذي الشهر | CY37: غير محسوب ذي الشهر | DA37: غير محسوب ذي الشهر | DF37: غير محسوب ذي الشهر | DH37: غير محسوب ذي الشهر | DJ37: غير محسوب ذي الشهر | DO37: غير محسوب ذي الشهر | DQ37: غير محسوب ذي الشهر | DS37: غير محسوب ذي الشهر
G38: بطاقة صراف الالي | H38: مواصلات المدرسة او الجامعة | I38: - | P38: كهرباء
G39: بطاقة صراف الالي | H39: دروس تقوية للأطفال و الكبار | I39: - | P39: بيل تلفوني + الفايبر
D40: العيد | E40: الملابس | F40: المدرسة | G40: بطاقة صراف الالي | H40: احتياجات ألاطفال | I40: - | P40: تصليح سيارتي | AC40: تصليح سيارة ١٫٢ | AE40: تصليح سيارة ١٫٤ | AG40: تصليح سيارة ١٫٦ | AI40: تصليح سيارة ١٫٧ | AL40: تصليح سيارة 2.2 | AN40: تصليح سيارة 2.4 | AP40: تصليح سيارة 2.6 | AR40: تصليح سيارة 2.7 | AU40: تعديل البيت ١٫٢ | AW40: تعديل البيت ١٫٤ | AY40: تعديل البيت ١٫٦ | BA40: تعديل البيت ١٫٧ | BD40: تعديل البيت ٢٫٢ | BF40: تعديل البيت ٢٫٤ | BH40: تعديل البيت ٢٫٦ | BJ40: تعديل البيت ٢٫٧ | BM40: دروس تقوية للأطفال و الكبار 1.2 | BO40: دروس تقوية للأطفال و الكبار 1.4 | BQ40: دروس تقوية للأطفال و الكبار 1.6 | BS40: دروس تقوية للأطفال و الكبار 1.7 | BV40: احتياجات ألاطفال 1.2 | BX40: احتياجات ألاطفال 1.4 | BZ40: احتياجات ألاطفال 1.6 | CB40: احتياجات ألاطفال 1.7 | CE40: قسط البنك 1.2 | CG40: قسط البنك 1.4 | CI40: قسط البنك 1.6 | CK40: قسط البنك 1.7 | CN40: مصروف العائلة 1.2 | CP40: مصروف العائلة 1.4 | CR40: مصروف العائلة 1.6 | CT40: مصروف العائلة 1.7 | CW40: ادخار للحج 1.2 | CY40: ادخار للحج 1.4 | DA40: ادخار للحج 1.6 | DC40: ادخار للحج 1.7 | DF40: استثمار 1.2 | DH40: استثمار 1.4 | DJ40: استثمار 1.6 | DL40: استثمار 1.7 | DO40: ادخار للسفر 1.2 | DQ40: ادخار للسفر 1.4 | DS40: ادخار للسفر 1.6 | DU40: ادخار للسفر 1.7
P41: تصليح أي شي كهربائي فالمنزل | AC41: =VLOOKUP(G29,AC42:AD48,2,FALSE) -> 0 | AE41: =VLOOKUP(G29,AE42:AF48,2,FALSE) -> 0 | AG41: =VLOOKUP(G29,AG42:AH48,2,FALSE) -> 0 | AI41: =VLOOKUP(G29,AI42:AJ48,2,FALSE) -> 0 | AL41: =VLOOKUP(G30,AL42:AM48,2,FALSE) -> 0 | AN41: =VLOOKUP(G30,AN42:AO48,2,FALSE) -> 0 | AP41: =VLOOKUP(G30,AP42:AQ48,2,FALSE) -> 0 | AR41: =VLOOKUP(G30,AR42:AS48,2,FALSE) -> 0 | AU41: =VLOOKUP(G31,AU42:AV48,2,FALSE) -> 0 | AW41: =VLOOKUP(G31,AW42:AX48,2,FALSE) -> 0 | AY41: =VLOOKUP(G31,AY42:AZ48,2,FALSE) -> 0 | BA41: =VLOOKUP(G31,BA42:BB48,2,FALSE) -> 0 | BD41: =VLOOKUP(G32,BD42:BE48,2,FALSE) -> 0 | BF41: =VLOOKUP(G32,BF42:BG48,2,FALSE) -> 0 | BH41: =VLOOKUP(G32,BH42:BI48,2,FALSE) -> 0 | BJ41: =VLOOKUP(G32,BJ42:BK48,2,FALSE) -> 0 | BM41: =VLOOKUP(G39,BM42:BN48,2,FALSE) -> 0 | BO41: =VLOOKUP(G39,BO42:BP48,2,FALSE) -> 0 | BQ41: =VLOOKUP(G39,BQ42:BR48,2,FALSE) -> 0 | BS41: =VLOOKUP(G39,BS42:BT48,2,FALSE) -> 0 | BV41: =VLOOKUP(G40,BV42:BW48,2,FALSE) -> 0 | BX41: =VLOOKUP(G40,BX42:BY48,2,FALSE) -> 0 | BZ41: =VLOOKUP(G40,BZ42:CA48,2,FALSE) -> 0 | CB41: =VLOOKUP(G40,CB42:CC48,2,FALSE) -> 0 | CE41: =VLOOKUP(H74,CE42:CF48,2,FALSE) -> 0 | CG41: =VLOOKUP(H74,CG42:CH48,2,FALSE) -> 0 | CI41: =VLOOKUP(H74,CI42:CJ48,2,FALSE) -> 0 | CK41: =VLOOKUP(H74,CK42:CL48,2,FALSE) -> 0 | CN41: =VLOOKUP(G17,CN42:CO48,2,FALSE) -> 0 | CP41: =VLOOKUP(G17,CP42:CQ48,2,FALSE) -> 0 | CR41: =VLOOKUP(G17,CR42:CS48,2,FALSE) -> 0 | CT41: =VLOOKUP(G17,CT42:CU48,2,FALSE) -> 0 | CW41: =VLOOKUP(G42,CW42:CX48,2,FALSE) -> 0 | CY41: =VLOOKUP(G42,CY42:CZ48,2,FALSE) -> 0 | DA41: =VLOOKUP(G42,DA42:DB48,2,FALSE) -> 0 | DC41: =VLOOKUP(G42,DC42:DD48,2,FALSE) -> 0 | DF41: =VLOOKUP(G45,DF42:DG48,2,FALSE) -> 0 | DH41: =VLOOKUP(G45,DH42:DI48,2,FALSE) -> 0 | DJ41: =VLOOKUP(G45,DJ42:DK48,2,FALSE) -> 0 | DL41: =VLOOKUP(G45,DL42:DM48,2,FALSE) -> 0 | DO41: =VLOOKUP(G48,DO42:DP48,2,FALSE) -> 0 | DQ41: =VLOOKUP(G48,DQ42:DR48,2,FALSE) -> 0 | DS41: =VLOOKUP(G48,DS42:DT48,2,FALSE) -> 0 | DU41: =VLOOKUP(G48,DU42:DV48,2,FALSE) -> 0
G42: بطاقة صراف الالي | H42: ادخار للحج | I42: - | P42: تصليح أي شي الكتروني فالمنزل | AC42: NBK | AE42: NBK | AG42: NBK | AI42: NBK | AL42: NBK | AN42: NBK | AP42: NBK | AR42: NBK | AU42: NBK | AW42: NBK | AY42: NBK | BA42: NBK | BD42: NBK | BF42: NBK | BH42: NBK | BJ42: NBK | BM42: NBK | BO42: NBK | BQ42: NBK | BS42: NBK | BV42: NBK | BX42: NBK | BZ42: NBK | CB42: NBK | CE42: NBK | CG42: NBK | CI42: NBK | CK42: NBK | CN42: NBK | CP42: NBK | CR42: NBK | CT42: NBK | CW42: NBK | CY42: NBK | DA42: NBK | DC42: NBK | DF42: NBK | DH42: NBK | DJ42: NBK | DL42: NBK | DO42: NBK | DQ42: NBK | DS42: NBK | DU42: NBK
G43: بطاقة صراف الالي | H43: مساعدات انسانية | I43: - | P43: أخرى | AC43: ILA | AD43: =D29 -> 0 | AE43: ILA | AG43: ILA | AI43: ILA | AL43: ILA | AM43: =D30 -> 0 | AN43: ILA | AP43: ILA | AR43: ILA | AU43: ILA | AV43: =D31 -> 0 | AW43: ILA | AY43: ILA | BA43: ILA | BD43: ILA | BE43: =D32 -> 0 | BF43: ILA | BH43: ILA | BJ43: ILA | BM43: ILA | BN43: =D39 -> 0 | BO43: ILA | BQ43: ILA | BS43: ILA | BV43: ILA | BW43: =D41+E41+F41 -> 0 | BX43: ILA | BZ43: ILA | CB43: ILA | CE43: ILA | CF43: =D73 -> 0 | CG43: ILA | CI43: ILA | CK43: ILA | CN43: ILA | CO43: =D17 -> 0 | CP43: ILA | CR43: ILA | CT43: ILA | CW43: ILA | CX43: =D42 -> 0 | CY43: ILA | DA43: ILA | DC43: ILA | DF43: ILA | DG43: =D45 -> 0 | DH43: ILA | DJ43: ILA | DL43: ILA | DO43: ILA | DP43: =D48 -> 0 | DQ43: ILA | DS43: ILA | DU43: ILA
G44: بطاقة صراف الالي | H44: جمعية | I44: - | O44: =O35-O36-O37-O38-O39-O43-O40-O41-O42 -> 0 | P44: مجموع مشتريات متنوعة للفيزاء | AC44: BBK | AE44: BBK | AG44: BBK | AI44: BBK | AL44: BBK | AN44: BBK | AP44: BBK | AR44: BBK | AU44: BBK | AW44: BBK | AY44: BBK | BA44: BBK | BD44: BBK | BF44: BBK | BH44: BBK | BJ44: BBK | BM44: BBK | BO44: BBK | BQ44: BBK | BS44: BBK | BV44: BBK | BX44: BBK | BZ44: BBK | CB44: BBK | CE44: BBK | CG44: BBK | CI44: BBK | CK44: BBK | CN44: BBK | CP44: BBK | CR44: BBK | CT44: BBK | CW44: BBK | CY44: BBK | DA44: BBK | DC44: BBK | DF44: BBK | DH44: BBK | DJ44: BBK | DL44: BBK | DO44: BBK | DQ44: BBK | DS44: BBK | DU44: BBK
G45: بطاقة صراف الالي | H45: استثمار | I45: - | AC45: MEEM | AE45: MEEM | AF45: =D29 -> 0 | AG45: MEEM | AI45: MEEM | AL45: MEEM | AN45: MEEM | AO45: =D30 -> 0 | AP45: MEEM | AR45: MEEM | AU45: MEEM | AW45: MEEM | AX45: =D31 -> 0 | AY45: MEEM | BA45: MEEM | BD45: MEEM | BF45: MEEM | BG45: =D32 -> 0 | BH45: MEEM | BJ45: MEEM | BM45: MEEM | BO45: MEEM | BP45: =D39 -> 0 | BQ45: MEEM | BS45: MEEM | BV45: MEEM | BX45: MEEM | BY45: =D41+E41+F41 -> 0 | BZ45: MEEM | CB45: MEEM | CE45: MEEM | CG45: MEEM | CH45: =D73 -> 0 | CI45: MEEM | CK45: MEEM | CN45: MEEM | CP45: MEEM | CQ45: =D17 -> 0 | CR45: MEEM | CT45: MEEM | CW45: MEEM | CY45: MEEM | CZ45: =D42 -> 0 | DA45: MEEM | DC45: MEEM | DF45: MEEM | DH45: MEEM | DI45: =D45 -> 0 | DJ45: MEEM | DL45: MEEM | DO45: MEEM | DQ45: MEEM | DR45: =D48 -> 0 | DS45: MEEM | DU45: MEEM
F46: الفطر | G46: بطاقة صراف الالي | H46: عيادي العيد | I46: - | AC46: NBB | AE46: NBB | AG46: NBB | AI46: NBB | AL46: NBB | AN46: NBB | AP46: NBB | AR46: NBB | AU46: NBB | AW46: NBB | AY46: NBB | BA46: NBB | BD46: NBB | BF46: NBB | BH46: NBB | BJ46: NBB | BM46: NBB | BO46: NBB | BQ46: NBB | BS46: NBB | BV46: NBB | BX46: NBB | BZ46: NBB | CB46: NBB | CE46: NBB | CG46: NBB | CI46: NBB | CK46: NBB | CN46: NBB | CP46: NBB | CR46: NBB | CT46: NBB | CW46: NBB | CY46: NBB | DA46: NBB | DC46: NBB | DF46: NBB | DH46: NBB | DJ46: NBB | DL46: NBB | DO46: NBB | DQ46: NBB | DS46: NBB | DU46: NBB
G47: بطاقة صراف الالي | H47: ادخار ( تأمين و تسجيل + ثياب العيد + الروضة ) | I47: - | AC47: بطاقة صراف الالي | AE47: بطاقة صراف الالي | AG47: بطاقة صراف الالي | AH47: =D29 -> 0 | AI47: بطاقة صراف الالي | AL47: بطاقة صراف الالي | AN47: بطاقة صراف الالي | AP47: بطاقة صراف الالي | AQ47: =D30 -> 0 | AR47: بطاقة صراف الالي | AU47: بطاقة صراف الالي | AW47: بطاقة صراف الالي | AY47: بطاقة صراف الالي | AZ47: =D31 -> 0 | BA47: بطاقة صراف الالي | BD47: بطاقة صراف الالي | BF47: بطاقة صراف الالي | BH47: بطاقة صراف الالي | BI47: =D32 -> 0 | BJ47: بطاقة صراف الالي | BM47: بطاقة صراف الالي | BO47: بطاقة صراف الالي | BQ47: بطاقة صراف الالي | BR47: =D39 -> 0 | BS47: بطاقة صراف الالي | BV47: بطاقة صراف الالي | BX47: بطاقة صراف الالي | BZ47: بطاقة صراف الالي | CA47: =D41+E41+F41 -> 0 | CB47: بطاقة صراف الالي | CE47: بطاقة صراف الالي | CG47: بطاقة صراف الالي | CI47: بطاقة صراف الالي | CJ47: =D73 -> 0 | CK47: بطاقة صراف الالي | CN47: بطاقة صراف الالي | CP47: بطاقة صراف الالي | CR47: بطاقة صراف الالي | CS47: =D17 -> 0 | CT47: بطاقة صراف الالي | CW47: بطاقة صراف الالي | CY47: بطاقة صراف الالي | DA47: بطاقة صراف الالي | DB47: =D42 -> 0 | DC47: بطاقة صراف الالي | DF47: بطاقة صراف الالي | DH47: بطاقة صراف الالي | DJ47: بطاقة صراف الالي | DK47: =D45 -> 0 | DL47: بطاقة صراف الالي | DO47: بطاقة صراف الالي | DQ47: بطاقة صراف الالي | DS47: بطاقة صراف الالي | DT47: =D48 -> 0 | DU47: بطاقة صراف الالي
G48: بطاقة صراف الالي | H48: ادخار للسفر | I48: - | AC48: غير محسوب ذي الشهر | AE48: غير محسوب ذي الشهر | AG48: غير محسوب ذي الشهر | AI48: غير محسوب ذي الشهر | AJ48: =D29 -> 0 | AL48: غير محسوب ذي الشهر | AN48: غير محسوب ذي الشهر | AP48: غير محسوب ذي الشهر | AR48: غير محسوب ذي الشهر | AS48: =D30 -> 0 | AU48: غير محسوب ذي الشهر | AW48: غير محسوب ذي الشهر | AY48: غير محسوب ذي الشهر | BA48: غير محسوب ذي الشهر | BB48: =D31 -> 0 | BD48: غير محسوب ذي الشهر | BF48: غير محسوب ذي الشهر | BH48: غير محسوب ذي الشهر | BJ48: غير محسوب ذي الشهر | BK48: =D32 -> 0 | BM48: غير محسوب ذي الشهر | BO48: غير محسوب ذي الشهر | BQ48: غير محسوب ذي الشهر | BS48: غير محسوب ذي الشهر | BT48: =D39 -> 0 | BV48: غير محسوب ذي الشهر | BX48: غير محسوب ذي الشهر | BZ48: غير محسوب ذي الشهر | CB48: غير محسوب ذي الشهر | CC48: =D41+E41+F41 -> 0 | CE48: غير محسوب ذي الشهر | CG48: غير محسوب ذي الشهر | CI48: غير محسوب ذي الشهر | CK48: غير محسوب ذي الشهر | CL48: =D73 -> 0 | CN48: غير محسوب ذي الشهر | CP48: غير محسوب ذي الشهر | CR48: غير محسوب ذي الشهر | CT48: غير محسوب ذي الشهر | CU48: =D17 -> 0 | CW48: غير محسوب ذي الشهر | CY48: غير محسوب ذي الشهر | DA48: غير محسوب ذي الشهر | DC48: غير محسوب ذي الشهر | DD48: =D42 -> 0 | DF48: غير محسوب ذي الشهر | DH48: غير محسوب ذي الشهر | DJ48: غير محسوب ذي الشهر | DL48: غير محسوب ذي الشهر | DM48: =D45 -> 0 | DO48: غير محسوب ذي الشهر | DQ48: غير محسوب ذي الشهر | DS48: غير محسوب ذي الشهر | DU48: غير محسوب ذي الشهر | DV48: =D48 -> 0
D50: ='سلف و دين واقساط'!D6 -> العام الماضي | G50: ديــــن: | J50: ='سلف و دين واقساط'!D26 -> السنة الحالية | L50: ديــــن:
G51: للتعديل او الاضافة اذهب الى صفحة سلف و دين و الاقساط | L51: للتعديل او الاضافة اذهب الى صفحة سلف و دين و الاقساط | AC51: عيدميلاد ١٫١ | AE51: عيدميلاد ١٫٣ | AG51: عيدميلاد ١٫٥ | AL51: مدرسة خاصة ١٫١ | AN51: مدرسة خاصة ١٫٣ | AP51: مدرسة خاصة ١٫٥ | AU51: روضة ١٫١ | AW51: روضة ١٫٣ | AY51: روضة ١٫٥ | BD51: جامعة ١٫١ | BF51: جامعة ١٫٣ | BH51: جامعة ١٫٥ | BM51: مواصلات المدرسة او الجامعة 1.1 | BO51: مواصلات المدرسة او الجامعة 1.3 | BQ51: مواصلات المدرسة او الجامعة 1.5 | BV51: تامين + التسجيل السنوي لجميع السيارات 1.1 | BX51: تامين + التسجيل السنوي لجميع السيارات 1.3 | BZ51: تامين + التسجيل السنوي لجميع السيارات 1.5 | CE51: قسط متنوع 1.1 | CG51: قسط متنوع 1.3 | CI51: قسط متنوع 1.5 | CN51: مصروفات أخرى 1.1 | CP51: مصروفات أخرى 1.3 | CR51: مصروفات أخرى 1.5 | CW51: مساعدات انسانية 1.1 | CY51: مساعدات انسانية 1.3 | DA51: مساعدات انسانية 1.5 | DF51: عيادي العيد 1.1 | DH51: عيادي العيد 1.3 | DJ51: عيادي العيد 1.5
D52: ='سلف و دين واقساط'!D8 -> 0 | G52: الاســـــــــــــــــــــــــــــــــــــــم : | H52: الدائن ( انا ماخذ سلف من احد ) | J52: ='سلف و دين واقساط'!D28 -> 0 | L52: الاســــــــــــــــــــــــــــــــــــــــــــــــــــم : | N52: الدائن ( انا ماخذ سلف من احد ) | AC52: =VLOOKUP(G34,AC53:AD59,2,FALSE) -> 0 | AE52: =VLOOKUP(G34,AE53:AF59,2,FALSE) -> 0 | AG52: =VLOOKUP(G34,AG53:AH59,2,FALSE) -> 0 | AL52: =VLOOKUP(G35,AL53:AM59,2,FALSE) -> 0 | AN52: =VLOOKUP(G35,AN53:AO59,2,FALSE) -> 0 | AP52: =VLOOKUP(G35,AP53:AQ59,2,FALSE) -> 0 | AU52: =VLOOKUP(G36,AU53:AV59,2,FALSE) -> 0 | AW52: =VLOOKUP(G36,AW53:AX59,2,FALSE) -> 0 | AY52: =VLOOKUP(G36,AY53:AZ59,2,FALSE) -> 0 | BD52: =VLOOKUP(G37,BD53:BE59,2,FALSE) -> 0 | BF52: =VLOOKUP(G37,BF53:BG59,2,FALSE) -> 0 | BH52: =VLOOKUP(G37,BH53:BI59,2,FALSE) -> 0 | BM52: =VLOOKUP(G38,BM53:BN59,2,FALSE) -> 0 | BO52: =VLOOKUP(G38,BO53:BP59,2,FALSE) -> 0 | BQ52: =VLOOKUP(G38,BQ53:BR59,2,FALSE) -> 0 | BV52: =VLOOKUP(G83,BV53:BW59,2,FALSE) -> 0 | BX52: =VLOOKUP(G83,BX53:BY59,2,FALSE) -> 0 | BZ52: =VLOOKUP(G83,BZ53:CA59,2,FALSE) -> 0 | CE52: =VLOOKUP(H80,CE53:CF59,2,FALSE) -> 0 | CG52: =VLOOKUP(H80,CG53:CH59,2,FALSE) -> 0 | CI52: =VLOOKUP(H80,CI53:CJ59,2,FALSE) -> 0 | CN52: =VLOOKUP(G22,CN53:CO59,2,FALSE) -> 0 | CP52: =VLOOKUP(G22,CP53:CQ59,2,FALSE) -> 0 | CR52: =VLOOKUP(G22,CR53:CS59,2,FALSE) -> 0 | CW52: =VLOOKUP(G43,CW53:CX59,2,FALSE) -> 0 | CY52: =VLOOKUP(G43,CY53:CZ59,2,FALSE) -> 0 | DA52: =VLOOKUP(G43,DA53:DB59,2,FALSE) -> 0 | DF52: =VLOOKUP(G46,DF53:DG59,2,FALSE) -> 0 | DH52: =VLOOKUP(G46,DH53:DI59,2,FALSE) -> 0 | DJ52: =VLOOKUP(G46,DJ53:DK59,2,FALSE) -> 0
D53: ='سلف و دين واقساط'!D9 -> 0 | F53: ='سلف و دين واقساط'!F9 -> يرجى الاختيار | G53: المبلـــــــــــــغ الكلي : | J53: ='سلف و دين واقساط'!D29 -> 0 | K53: ='سلف و دين واقساط'!F29 -> يرجى الاختيار | L53: المبلـــــــــــــغ الكلي لل : | AC53: NBK | AD53: =D33 -> 0 | AE53: NBK | AG53: NBK | AL53: NBK | AM53: =D35 -> 0 | AN53: NBK | AP53: NBK | AU53: NBK | AV53: =D36 -> 0 | AW53: NBK | AY53: NBK | BD53: NBK | BE53: =D37 -> 0 | BF53: NBK | BH53: NBK | BM53: NBK | BN53: =D38 -> 0 | BO53: NBK | BQ53: NBK | BV53: NBK | BW53: =D83 -> 0 | BX53: NBK | BZ53: NBK | CE53: NBK | CF53: =D79 -> 0 | CG53: NBK | CI53: NBK | CN53: NBK | CO53: =D22 -> 0 | CP53: NBK | CR53: NBK | CW53: NBK | CX53: =D43 -> 0 | CY53: NBK | DA53: NBK | DF53: NBK | DG53: =D46 -> 0 | DH53: NBK | DJ53: NBK
G54: تــــــــــــــــــــــم الدفــــــــع : | H54: المدين ( ناس ماخذين مني سلف ) | L54: تــــــــــــــــــــــم الدفـــــــــــــــــــع : | N54: المدين ( ناس ماخذين مني سلف ) | AC54: ILA | AE54: ILA | AG54: ILA | AL54: ILA | AN54: ILA | AP54: ILA | AU54: ILA | AW54: ILA | AY54: ILA | BD54: ILA | BF54: ILA | BH54: ILA | BM54: ILA | BO54: ILA | BQ54: ILA | BV54: ILA | BX54: ILA | BZ54: ILA | CE54: ILA | CG54: ILA | CI54: ILA | CN54: ILA | CP54: ILA | CR54: ILA | CW54: ILA | CY54: ILA | DA54: ILA | DF54: ILA | DH54: ILA | DJ54: ILA
D55: ='سلف و دين واقساط'!D12 -> 0 | G55: المتبــــــــــــــــــــــــــــــــــــقي : | J55: ='سلف و دين واقساط'!D32 -> 0 | L55: المتبـــــــــــــــــــــــــــــــــــــــــــــــقي : | AC55: BBK | AE55: BBK | AF55: =D33 -> 0 | AG55: BBK | AL55: BBK | AN55: BBK | AO55: =D35 -> 0 | AP55: BBK | AU55: BBK | AW55: BBK | AX55: =D36 -> 0 | AY55: BBK | BD55: BBK | BF55: BBK | BG55: =D37 -> 0 | BH55: BBK | BM55: BBK | BO55: BBK | BP55: =D38 -> 0 | BQ55: BBK | BV55: BBK | BX55: BBK | BY55: =D83 -> 0 | BZ55: BBK | CE55: BBK | CG55: BBK | CH55: =D79 -> 0 | CI55: BBK | CN55: BBK | CP55: BBK | CQ55: =D22 -> 0 | CR55: BBK | CW55: BBK | CY55: BBK | CZ55: =D43 -> 0 | DA55: BBK | DF55: BBK | DH55: BBK | DI55: =D46 -> 0 | DJ55: BBK
AC56: MEEM | AE56: MEEM | AG56: MEEM | AL56: MEEM | AN56: MEEM | AP56: MEEM | AU56: MEEM | AW56: MEEM | AY56: MEEM | BD56: MEEM | BF56: MEEM | BH56: MEEM | BM56: MEEM | BO56: MEEM | BQ56: MEEM | BV56: MEEM | BX56: MEEM | BZ56: MEEM | CE56: MEEM | CG56: MEEM | CI56: MEEM | CN56: MEEM | CP56: MEEM | CR56: MEEM | CW56: MEEM | CY56: MEEM | DA56: MEEM | DF56: MEEM | DH56: MEEM | DJ56: MEEM
D57: ='سلف و دين واقساط'!D16 -> السنة الحالية | G57: ديــــن: | J57: ='سلف و دين واقساط'!D36 -> السنة الحالية | L57: ديــــن: | AC57: NBB | AE57: NBB | AG57: NBB | AH57: =D33 -> 0 | AL57: NBB | AN57: NBB | AP57: NBB | AQ57: =D35 -> 0 | AU57: NBB | AW57: NBB | AY57: NBB | AZ57: =D36 -> 0 | BD57: NBB | BF57: NBB | BH57: NBB | BI57: =D37 -> 0 | BM57: NBB | BO57: NBB | BQ57: NBB | BR57: =D38 -> 0 | BV57: NBB | BX57: NBB | BZ57: NBB | CA57: =D83 -> 0 | CE57: NBB | CG57: NBB | CI57: NBB | CJ57: =D79 -> 0 | CN57: NBB | CP57: NBB | CR57: NBB | CS57: =D22 -> 0 | CW57: NBB | CY57: NBB | DA57: NBB | DB57: =D43 -> 0 | DF57: NBB | DH57: NBB | DJ57: NBB | DK57: =D46 -> 0
G58: للتعديل او الاضافة اذهب الى صفحة سلف و دين و الاقساط | L58: للتعديل او الاضافة اذهب الى صفحة سلف و دين و الاقساط | AC58: بطاقة صراف الالي | AE58: بطاقة صراف الالي | AG58: بطاقة صراف الالي | AL58: بطاقة صراف الالي | AN58: بطاقة صراف الالي | AP58: بطاقة صراف الالي | AU58: بطاقة صراف الالي | AW58: بطاقة صراف الالي | AY58: بطاقة صراف الالي | BD58: بطاقة صراف الالي | BF58: بطاقة صراف الالي | BH58: بطاقة صراف الالي | BM58: بطاقة صراف الالي | BO58: بطاقة صراف الالي | BQ58: بطاقة صراف الالي | BV58: بطاقة صراف الالي | BX58: بطاقة صراف الالي | BZ58: بطاقة صراف الالي | CE58: بطاقة صراف الالي | CG58: بطاقة صراف الالي | CI58: بطاقة صراف الالي | CN58: بطاقة صراف الالي | CP58: بطاقة صراف الالي | CR58: بطاقة صراف الالي | CW58: بطاقة صراف الالي | CY58: بطاقة صراف الالي | DA58: بطاقة صراف الالي | DF58: بطاقة صراف الالي | DH58: بطاقة صراف الالي | DJ58: بطاقة صراف الالي
D59: ='سلف و دين واقساط'!D18 -> 0 | G59: الاســــــــــــــــــــــــــــــــــــــــــــــــــــم : | H59: الدائن ( انا ماخذ سلف من احد ) | J59: ='سلف و دين واقساط'!D38 -> 0 | L59: الاســــــــــــــــــــــــــــــــــــــــــــــــــــم : | N59: الدائن ( انا ماخذ سلف من احد ) | AC59: غير محسوب ذي الشهر | AE59: غير محسوب ذي الشهر | AG59: غير محسوب ذي الشهر | AL59: غير محسوب ذي الشهر | AN59: غير محسوب ذي الشهر | AP59: غير محسوب ذي الشهر | AU59: غير محسوب ذي الشهر | AW59: غير محسوب ذي الشهر | AY59: غير محسوب ذي الشهر | BD59: غير محسوب ذي الشهر | BF59: غير محسوب ذي الشهر | BH59: غير محسوب ذي الشهر | BM59: غير محسوب ذي الشهر | BO59: غير محسوب ذي الشهر | BQ59: غير محسوب ذي الشهر | BV59: غير محسوب ذي الشهر | BX59: غير محسوب ذي الشهر | BZ59: غير محسوب ذي الشهر | CE59: غير محسوب ذي الشهر | CG59: غير محسوب ذي الشهر | CI59: غير محسوب ذي الشهر | CN59: غير محسوب ذي الشهر | CP59: غير محسوب ذي الشهر | CR59: غير محسوب ذي الشهر | CW59: غير محسوب ذي الشهر | CY59: غير محسوب ذي الشهر | DA59: غير محسوب ذي الشهر | DF59: غير محسوب ذي الشهر | DH59: غير محسوب ذي الشهر | DJ59: غير محسوب ذي الشهر
D60: ='سلف و دين واقساط'!D19 -> 0 | F60: ='سلف و دين واقساط'!F19 -> يرجى الاختيار | G60: المبلـــــــــــــغ الكلي لل : | J60: ='سلف و دين واقساط'!D39 -> 0 | K60: ='سلف و دين واقساط'!F39 -> مدين | L60: المبلـــــــــــــغ الكلي لل :
G61: تــــــــــــــــــــــم الدفـــــــــــــــــــع : | H61: المدين ( ناس ماخذين مني سلف ) | L61: تــــــــــــــــــــــم الدفـــــــــــــــــــع : | N61: المدين ( ناس ماخذين مني سلف )
D62: ='سلف و دين واقساط'!D22 -> 0 | G62: المتبـــــــــــــــــــــــــــــــــــــــــــــــقي : | J62: ='سلف و دين واقساط'!D42 -> 0 | L62: المتبـــــــــــــــــــــــــــــــــــــــــــــــقي : | AC62: عيدميلاد ١٫٢ | AE62: عيدميلاد ١٫٤ | AG62: عيدميلاد ١٫٦ | AI62: عيدميلاد ١٫٧ | AL62: مدرسة خاصة ١٫٢ | AN62: مدرسة خاصة ١٫٤ | AP62: مدرسة خاصة ١٫٦ | AR62: مدرسة خاصة ١٫٧ | AU62: روضة ١٫٢ | AW62: روضة ١٫٤ | AY62: روضة ١٫٦ | BA62: روضة ١٫٧ | BD62: جامعة ١٫٢ | BF62: جامعة ١٫٤ | BH62: جامعة ١٫٦ | BJ62: جامعة ١٫٧ | BM62: مواصلات المدرسة او الجامعة 1.2 | BO62: مواصلات المدرسة او الجامعة 1.4 | BQ62: مواصلات المدرسة او الجامعة 1.6 | BS62: مواصلات المدرسة او الجامعة 1.7 | BV62: تامين + التسجيل السنوي لجميع السيارات 1.2 | BX62: تامين + التسجيل السنوي لجميع السيارات 1.4 | BZ62: تامين + التسجيل السنوي لجميع السيارات 1.6 | CB62: تامين + التسجيل السنوي لجميع السيارات 1.7 | CE62: قسط متنوع 1.2 | CG62: قسط متنوع 1.4 | CI62: قسط متنوع 1.6 | CK62: قسط متنوع 1.7 | CN62: مصروفات أخرى 1.2 | CP62: مصروفات أخرى 1.4 | CR62: مصروفات أخرى 1.6 | CT62: مصروفات أخرى 1.7 | CW62: مساعدات انسانية 1.2 | CY62: مساعدات انسانية 1.4 | DA62: مساعدات انسانية 1.6 | DC62: مساعدات انسانية 1.7 | DF62: عيادي العيد 1.2 | DH62: عيادي العيد 1.4 | DJ62: عيادي العيد 1.6 | DL62: عيادي العيد 1.7
AC63: =VLOOKUP(G34,AC64:AD70,2,FALSE) -> 0 | AE63: =VLOOKUP(G34,AE64:AF70,2,FALSE) -> 0 | AG63: =VLOOKUP(G34,AG64:AH70,2,FALSE) -> 0 | AI63: =VLOOKUP(G34,AI64:AJ70,2,FALSE) -> 0 | AL63: =VLOOKUP(G35,AL64:AM70,2,FALSE) -> 0 | AN63: =VLOOKUP(G35,AN64:AO70,2,FALSE) -> 0 | AP63: =VLOOKUP(G35,AP64:AQ70,2,FALSE) -> 0 | AR63: =VLOOKUP(G35,AR64:AS70,2,FALSE) -> 0 | AU63: =VLOOKUP(G36,AU64:AV70,2,FALSE) -> 0 | AW63: =VLOOKUP(G36,AW64:AX70,2,FALSE) -> 0 | AY63: =VLOOKUP(G36,AY64:AZ70,2,FALSE) -> 0 | BA63: =VLOOKUP(G36,BA64:BB70,2,FALSE) -> 0 | BD63: =VLOOKUP(G37,BD64:BE70,2,FALSE) -> 0 | BF63: =VLOOKUP(G37,BF64:BG70,2,FALSE) -> 0 | BH63: =VLOOKUP(G37,BH64:BI70,2,FALSE) -> 0 | BJ63: =VLOOKUP(G37,BJ64:BK70,2,FALSE) -> 0 | BM63: =VLOOKUP(G38,BM64:BN70,2,FALSE) -> 0 | BO63: =VLOOKUP(G38,BO64:BP70,2,FALSE) -> 0 | BQ63: =VLOOKUP(G38,BQ64:BR70,2,FALSE) -> 0 | BS63: =VLOOKUP(G38,BS64:BT70,2,FALSE) -> 0 | BV63: =VLOOKUP(G83,BV64:BW70,2,FALSE) -> 0 | BX63: =VLOOKUP(G83,BX64:BY70,2,FALSE) -> 0 | BZ63: =VLOOKUP(G83,BZ64:CA70,2,FALSE) -> 0 | CB63: =VLOOKUP(G83,CB64:CC70,2,FALSE) -> 0 | CE63: =VLOOKUP(H80,CE64:CF70,2,FALSE) -> 0 | CG63: =VLOOKUP(H80,CG64:CH70,2,FALSE) -> 0 | CI63: =VLOOKUP(H80,CI64:CJ70,2,FALSE) -> 0 | CK63: =VLOOKUP(H80,CK64:CL70,2,FALSE) -> 0 | CN63: =VLOOKUP(G22,CN64:CO70,2,FALSE) -> 0 | CP63: =VLOOKUP(G22,CP64:CQ70,2,FALSE) -> 0 | CR63: =VLOOKUP(G22,CR64:CS70,2,FALSE) -> 0 | CT63: =VLOOKUP(G22,CT64:CU70,2,FALSE) -> 0 | CW63: =VLOOKUP(G43,CW64:CX70,2,FALSE) -> 0 | CY63: =VLOOKUP(G43,CY64:CZ70,2,FALSE) -> 0 | DA63: =VLOOKUP(G43,DA64:DB70,2,FALSE) -> 0 | DC63: =VLOOKUP(G43,DC64:DD70,2,FALSE) -> 0 | DF63: =VLOOKUP(G46,DF64:DG70,2,FALSE) -> 0 | DH63: =VLOOKUP(G46,DH64:DI70,2,FALSE) -> 0 | DJ63: =VLOOKUP(G46,DJ64:DK70,2,FALSE) -> 0 | DL63: =VLOOKUP(G46,DL64:DM70,2,FALSE) -> 0
D64: ='سلف و دين واقساط'!D46 -> 0 | G64: وصــــــــــــــــــــــــــــــــــــــف : | H64: للتعديل او الاضافة اذهب الى صفحة سلف و دين و الاقساط | AC64: NBK | AE64: NBK | AG64: NBK | AI64: NBK | AL64: NBK | AN64: NBK | AP64: NBK | AR64: NBK | AU64: NBK | AW64: NBK | AY64: NBK | BA64: NBK | BD64: NBK | BF64: NBK | BH64: NBK | BJ64: NBK | BM64: NBK | BO64: NBK | BQ64: NBK | BS64: NBK | BV64: NBK | BX64: NBK | BZ64: NBK | CB64: NBK | CE64: NBK | CG64: NBK | CI64: NBK | CK64: NBK | CN64: NBK | CP64: NBK | CR64: NBK | CT64: NBK | CW64: NBK | CY64: NBK | DA64: NBK | DC64: NBK | DF64: NBK | DH64: NBK | DJ64: NBK | DL64: NBK
D65: ='سلف و دين واقساط'!D47 -> 0 | G65: اســـــــــــــــــــم البنك : | H65: قسط بطاقة الفيزا البنكية | I65: - | AC65: ILA | AD65: =D33 -> 0 | AE65: ILA | AG65: ILA | AI65: ILA | AL65: ILA | AM65: =D35 -> 0 | AN65: ILA | AP65: ILA | AR65: ILA | AU65: ILA | AV65: =D36 -> 0 | AW65: ILA | AY65: ILA | BA65: ILA | BD65: ILA | BE65: =D37 -> 0 | BF65: ILA | BH65: ILA | BJ65: ILA | BM65: ILA | BN65: =D38 -> 0 | BO65: ILA | BQ65: ILA | BS65: ILA | BV65: ILA | BW65: =D83 -> 0 | BX65: ILA | BZ65: ILA | CB65: ILA | CE65: ILA | CF65: =D79 -> 0 | CG65: ILA | CI65: ILA | CK65: ILA | CN65: ILA | CO65: =D22 -> 0 | CP65: ILA | CR65: ILA | CT65: ILA | CW65: ILA | CX65: =D43 -> 0 | CY65: ILA | DA65: ILA | DC65: ILA | DF65: ILA | DG65: =D46 -> 0 | DH65: ILA | DJ65: ILA | DL65: ILA
D66: ='سلف و دين واقساط'!D48 -> 0 | G66: المبلـــــــــــــغ الكلي : | AC66: BBK | AE66: BBK | AG66: BBK | AI66: BBK | AL66: BBK | AN66: BBK | AP66: BBK | AR66: BBK | AU66: BBK | AW66: BBK | AY66: BBK | BA66: BBK | BD66: BBK | BF66: BBK | BH66: BBK | BJ66: BBK | BM66: BBK | BO66: BBK | BQ66: BBK | BS66: BBK | BV66: BBK | BX66: BBK | BZ66: BBK | CB66: BBK | CE66: BBK | CG66: BBK | CI66: BBK | CK66: BBK | CN66: BBK | CP66: BBK | CR66: BBK | CT66: BBK | CW66: BBK | CY66: BBK | DA66: BBK | DC66: BBK | DF66: BBK | DH66: BBK | DJ66: BBK | DL66: BBK
G67: تــــــــــــــــــــــم الدفــــــــع : | AC67: MEEM | AE67: MEEM | AF67: =D33 -> 0 | AG67: MEEM | AI67: MEEM | AL67: MEEM | AN67: MEEM | AO67: =D35 -> 0 | AP67: MEEM | AR67: MEEM | AU67: MEEM | AW67: MEEM | AX67: =D36 -> 0 | AY67: MEEM | BA67: MEEM | BD67: MEEM | BF67: MEEM | BG67: =D37 -> 0 | BH67: MEEM | BJ67: MEEM | BM67: MEEM | BO67: MEEM | BP67: =D38 -> 0 | BQ67: MEEM | BS67: MEEM | BV67: MEEM | BX67: MEEM | BY67: =D83 -> 0 | BZ67: MEEM | CB67: MEEM | CE67: MEEM | CG67: MEEM | CH67: =D79 -> 0 | CI67: MEEM | CK67: MEEM | CN67: MEEM | CP67: MEEM | CQ67: =D22 -> 0 | CR67: MEEM | CT67: MEEM | CW67: MEEM | CY67: MEEM | CZ67: =D43 -> 0 | DA67: MEEM | DC67: MEEM | DF67: MEEM | DH67: MEEM | DI67: =D46 -> 0 | DJ67: MEEM | DL67: MEEM
D68: ='سلف و دين واقساط'!D51 -> 0 | G68: المتبــــــــــــــــــــــــــــــــــــقي : | H68: بطاقة صراف الالي | AC68: NBB | AE68: NBB | AG68: NBB | AI68: NBB | AL68: NBB | AN68: NBB | AP68: NBB | AR68: NBB | AU68: NBB | AW68: NBB | AY68: NBB | BA68: NBB | BD68: NBB | BF68: NBB | BH68: NBB | BJ68: NBB | BM68: NBB | BO68: NBB | BQ68: NBB | BS68: NBB | BV68: NBB | BX68: NBB | BZ68: NBB | CB68: NBB | CE68: NBB | CG68: NBB | CI68: NBB | CK68: NBB | CN68: NBB | CP68: NBB | CR68: NBB | CT68: NBB | CW68: NBB | CY68: NBB | DA68: NBB | DC68: NBB | DF68: NBB | DH68: NBB | DJ68: NBB | DL68: NBB
AC69: بطاقة صراف الالي | AE69: بطاقة صراف الالي | AG69: بطاقة صراف الالي | AH69: =D33 -> 0 | AI69: بطاقة صراف الالي | AL69: بطاقة صراف الالي | AN69: بطاقة صراف الالي | AP69: بطاقة صراف الالي | AQ69: =D35 -> 0 | AR69: بطاقة صراف الالي | AU69: بطاقة صراف الالي | AW69: بطاقة صراف الالي | AY69: بطاقة صراف الالي | AZ69: =D36 -> 0 | BA69: بطاقة صراف الالي | BD69: بطاقة صراف الالي | BF69: بطاقة صراف الالي | BH69: بطاقة صراف الالي | BI69: =D37 -> 0 | BJ69: بطاقة صراف الالي | BM69: بطاقة صراف الالي | BO69: بطاقة صراف الالي | BQ69: بطاقة صراف الالي | BR69: =D38 -> 0 | BS69: بطاقة صراف الالي | BV69: بطاقة صراف الالي | BX69: بطاقة صراف الالي | BZ69: بطاقة صراف الالي | CA69: =D83 -> 0 | CB69: بطاقة صراف الالي | CE69: بطاقة صراف الالي | CG69: بطاقة صراف الالي | CI69: بطاقة صراف الالي | CJ69: =D79 -> 0 | CK69: بطاقة صراف الالي | CN69: بطاقة صراف الالي | CP69: بطاقة صراف الالي | CR69: بطاقة صراف الالي | CS69: =D22 -> 0 | CT69: بطاقة صراف الالي | CW69: بطاقة صراف الالي | CY69: بطاقة صراف الالي | DA69: بطاقة صراف الالي | DB69: =D43 -> 0 | DC69: بطاقة صراف الالي | DF69: بطاقة صراف الالي | DH69: بطاقة صراف الالي | DJ69: بطاقة صراف الالي | DK69: =D46 -> 0 | DL69: بطاقة صراف الالي
D70: ='سلف و دين واقساط'!D55 -> 0 | G70: وصــــــــــــــــــــــــــــــــــــــف : | H70: للتعديل او الاضافة اذهب الى صفحة سلف و دين و الاقساط | AC70: غير محسوب ذي الشهر | AE70: غير محسوب ذي الشهر | AG70: غير محسوب ذي الشهر | AI70: غير محسوب ذي الشهر | AJ70: =D33 -> 0 | AL70: غير محسوب ذي الشهر | AN70: غير محسوب ذي الشهر | AP70: غير محسوب ذي الشهر | AR70: غير محسوب ذي الشهر | AS70: =D35 -> 0 | AU70: غير محسوب ذي الشهر | AW70: غير محسوب ذي الشهر | AY70: غير محسوب ذي الشهر | BA70: غير محسوب ذي الشهر | BB70: =D36 -> 0 | BD70: غير محسوب ذي الشهر | BF70: غير محسوب ذي الشهر | BH70: غير محسوب ذي الشهر | BJ70: غير محسوب ذي الشهر | BK70: =D37 -> 0 | BM70: غير محسوب ذي الشهر | BO70: غير محسوب ذي الشهر | BQ70: غير محسوب ذي الشهر | BS70: غير محسوب ذي الشهر | BT70: =D38 -> 0 | BV70: غير محسوب ذي الشهر | BX70: غير محسوب ذي الشهر | BZ70: غير محسوب ذي الشهر | CB70: غير محسوب ذي الشهر | CC70: =D83 -> 0 | CE70: غير محسوب ذي الشهر | CG70: غير محسوب ذي الشهر | CI70: غير محسوب ذي الشهر | CK70: غير محسوب ذي الشهر | CL70: =D79 -> 0 | CN70: غير محسوب ذي الشهر | CP70: غير محسوب ذي الشهر | CR70: غير محسوب ذي الشهر | CT70: غير محسوب ذي الشهر | CU70: =D22 -> 0 | CW70: غير محسوب ذي الشهر | CY70: غير محسوب ذي الشهر | DA70: غير محسوب ذي الشهر | DC70: غير محسوب ذي الشهر | DD70: =D43 -> 0 | DF70: غير محسوب ذي الشهر | DH70: غير محسوب ذي الشهر | DJ70: غير محسوب ذي الشهر | DL70: غير محسوب ذي الشهر | DM70: =D46 -> 0
D71: ='سلف و دين واقساط'!D56 -> 0 | G71: اســـــــــــــــــــم البنك : | H71: قسط البنك | I71: -
D72: ='سلف و دين واقساط'!D57 -> 0 | G72: المبلـــــــــــــغ الكلي :
G73: تــــــــــــــــــــــم الدفــــــــع : | AC73: دفع مشتريات بطاقة الفيزا العاديه 1 - 2 - 3
D74: ='سلف و دين واقساط'!D60 -> 0 | G74: المتبــــــــــــــــــــــــــــــــــــقي : | H74: بطاقة صراف الالي | AC74: NBK 1.1 | AE74: ILA 1.1 | AG74: BBK 1.1 | AI74: MEEM 1.1 | AK74: NBB 1.1 | AM74: غير محسوب ذي الشهر 1.1
AC75: =VLOOKUP(G24,AC76:AD82,2,FALSE) -> 0 | AE75: =VLOOKUP(G24,AE76:AF82,2,FALSE) -> 0 | AG75: =VLOOKUP(G24,AG76:AH82,2,FALSE) -> 0 | AI75: =VLOOKUP(G24,AI76:AJ82,2,FALSE) -> 0 | AK75: =VLOOKUP(G24,AK76:AL82,2,FALSE) -> 0 | AM75: =VLOOKUP(G24,AM76:AN82,2,FALSE) -> 0
G76: للتعديل او الاضافة اذهب الى صفحة سلف و دين و الاقساط | X76: ذي ينحسب في النهاية حق المجموع | AC76: NBK | AD76: =D24 -> 0 | AE76: NBK | AG76: NBK | AI76: NBK | AK76: NBK | AM76: NBK
D77: ='سلف و دين واقساط'!D64 -> 0 | G77: وصــــــــــــــــــــــــــــــــــــــف : | H77: قسط متنوع | I77: - | AC77: ILA | AE77: ILA | AF77: =D24 -> 0 | AG77: ILA | AI77: ILA | AK77: ILA | AM77: ILA
D78: ='سلف و دين واقساط'!D65 -> 0 | G78: المبلـــــــــــــغ الكلي : | V78: 1 | Y78: 2 | AC78: BBK | AE78: BBK | AG78: BBK | AH78: =D24 -> 0 | AI78: BBK | AK78: BBK | AM78: BBK
G79: تــــــــــــــــــــــم الدفــــــــع : | W79: =VLOOKUP(TRIM(F53), V80:W82, 2, FALSE) -> 0 | Z79: =VLOOKUP(TRIM(K53), Y80:Z82, 2, FALSE) -> 0 | AC79: MEEM | AE79: MEEM | AG79: MEEM | AI79: MEEM | AJ79: =D24 -> 0 | AK79: MEEM | AM79: MEEM
D80: ='سلف و دين واقساط'!D68 -> 0 | G80: المتبــــــــــــــــــــــــــــــــــــقي : | H80: بطاقة صراف الالي | V80: دائن | W80: =-D54 -> 0 | Y80: دائن | Z80: =-J54 -> 0 | AC80: NBB | AE80: NBB | AG80: NBB | AI80: NBB | AK80: NBB | AL80: =D24 -> 0 | AM80: NBB
V81: مدين | W81: =D54 -> 0 | Y81: مدين | Z81: =J54 -> 0 | AC81: غير محسوب ذي الشهر | AE81: غير محسوب ذي الشهر | AG81: غير محسوب ذي الشهر | AI81: غير محسوب ذي الشهر | AK81: غير محسوب ذي الشهر | AM81: غير محسوب ذي الشهر | AN81: =D24 -> 0
D82: فقط مرة واحدة في السنه | T82: سالب | U82: =IF(VLOOKUP(TRIM(F53), V80:W82, 2, FALSE) > 0, 0, ABS(VLOOKUP(TRIM(F53), V80:W82, 2, FALSE))) -> 0 | V82: يرجى الاختيار | W82: 0 | Y82: يرجى الاختيار | Z82: 0 | AA82: =IF(VLOOKUP(TRIM(K53), Y80:Z82, 2, FALSE) > 0, 0, ABS(VLOOKUP(TRIM(K53), Y80:Z82, 2, FALSE))) -> 0 | AB82: سالب | AC82: بطاقة صراف الالي | AE82: بطاقة صراف الالي | AG82: بطاقة صراف الالي | AI82: بطاقة صراف الالي | AK82: بطاقة صراف الالي | AM82: بطاقة صراف الالي
G83: بطاقة صراف الالي | H83: تامين + التسجيل السنوي لجميع السيارات | I83: - | T83: موجب | U83: =IF(VLOOKUP(TRIM(F53), V80:W82, 2, FALSE) <= 0, 0, VLOOKUP(TRIM(F53), V80:W82, 2, FALSE)) -> 0 | AA83: =IF(VLOOKUP(TRIM(K53), Y80:Z82, 2, FALSE) <= 0, 0, VLOOKUP(TRIM(K53), Y80:Z82, 2, FALSE)) -> 0 | AB83: موجب | AC83: NBK 1.2 | AE83: ILA 1.2 | AG83: BBK 1.2 | AI83: MEEM 1.2 | AK83: NBB 1.2 | AM83: غير محسوب ذي الشهر 1.2
V84: 3 | Y84: 4 | AC84: =VLOOKUP(G25,AC85:AD91,2,FALSE) -> 0 | AE84: =VLOOKUP(G25,AE85:AF91,2,FALSE) -> 0 | AG84: =VLOOKUP(G25,AG85:AH91,2,FALSE) -> 0 | AI84: =VLOOKUP(G25,AI85:AJ91,2,FALSE) -> 0 | AK84: =VLOOKUP(G25,AK85:AL91,2,FALSE) -> 0 | AM84: =VLOOKUP(G25,AM85:AN91,2,FALSE) -> 0
D85: فقط مرة واحدة في السنه | W85: =VLOOKUP(TRIM(F60), V86:W88, 2, FALSE) -> 0 | Z85: =VLOOKUP(TRIM(K60), Y86:Z88, 2, FALSE) -> 0 | AC85: NBK | AD85: =D25 -> 0 | AE85: NBK | AG85: NBK | AI85: NBK | AK85: NBK | AM85: NBK
G86: زكاة ( المال او الذهب و غيره من الاستثمارات) | I86: يتم حسبة في صفحة الرئيسي | V86: دائن | W86: =-D61 -> 0 | Y86: دائن | Z86: =-J61 -> 0 | AC86: ILA | AE86: ILA | AF86: =D25 -> 0 | AG86: ILA | AI86: ILA | AK86: ILA | AM86: ILA
V87: مدين | W87: =D61 -> 0 | Y87: مدين | Z87: =J61 -> 0 | AC87: BBK | AE87: BBK | AG87: BBK | AH87: =D25 -> 0 | AI87: BBK | AK87: BBK | AM87: BBK
C88: * | D88: =D6 -> 0 | G88: الراتب الشهري فقط | T88: سالب | U88: =IF(VLOOKUP(TRIM(F60), V86:W88, 2, FALSE) > 0, 0, ABS(VLOOKUP(TRIM(F60), V86:W88, 2, FALSE))) -> 0 | V88: يرجى الاختيار | W88: 0 | Y88: يرجى الاختيار | Z88: 0 | AA88: =IF(VLOOKUP(TRIM(K60), Y86:Z88, 2, FALSE) > 0, 0, ABS(VLOOKUP(TRIM(K60), Y86:Z88, 2, FALSE))) -> 0 | AB88: سالب | AC88: MEEM | AE88: MEEM | AG88: MEEM | AI88: MEEM | AJ88: =D25 -> 0 | AK88: MEEM | AM88: MEEM
T89: موجب | U89: =IF(VLOOKUP(TRIM(F60), V86:W88, 2, FALSE) <= 0, 0, VLOOKUP(TRIM(F60), V86:W88, 2, FALSE)) -> 0 | AA89: =IF(VLOOKUP(TRIM(K60), Y86:Z88, 2, FALSE) <= 0, 0, VLOOKUP(TRIM(K60), Y86:Z88, 2, FALSE)) -> 0 | AB89: موجب | AC89: NBB | AE89: NBB | AG89: NBB | AI89: NBB | AK89: NBB | AL89: =D25 -> 0 | AM89: NBB
D90: =D6-(P24+P25+P26+P27+P28+P29)+U83+AA83+AA89+U89-U82-AA82-U88-AA88 -> 0 | G90: المتبقي الشهري من الراتب فقط | V90: نعــــم بتــــــــــــنزل ذي الشهر | AC90: غير محسوب ذي الشهر | AE90: غير محسوب ذي الشهر | AG90: غير محسوب ذي الشهر | AI90: غير محسوب ذي الشهر | AK90: غير محسوب ذي الشهر | AM90: غير محسوب ذي الشهر | AN90: =D25 -> 0
V91: لا مـــــا بتــــــــنزل ذي الشهر | AC91: بطاقة صراف الالي | AE91: بطاقة صراف الالي | AG91: بطاقة صراف الالي | AI91: بطاقة صراف الالي | AK91: بطاقة صراف الالي | AM91: بطاقة صراف الالي
C92: * | D92: =D6-(W104+W105+W106+W107+W108+W109)+U83+AA83+AA89+U89-U82-AA82-U88-AA88 -> 0 | G92: المتبقي الشهري من الراتب فقط ( بدون اقتطاع ) الحج + ادخار ( تأمين و تسجيل + ثياب العيد ) + ادخار للسفر | V92: عيادي+ عيادي عيالي | AC92: NBK 1.3 | AE92: ILA 1.3 | AG92: BBK 1.3 | AI92: MEEM 1.3 | AK92: NBB 1.3 | AM92: غير محسوب ذي الشهر 1.3
V93: ثياب العيد | AC93: =VLOOKUP(G26,AC94:AD100,2,FALSE) -> 0 | AE93: =VLOOKUP(G26,AE94:AF100,2,FALSE) -> 0 | AG93: =VLOOKUP(G26,AG94:AH100,2,FALSE) -> 0 | AI93: =VLOOKUP(G26,AI94:AJ100,2,FALSE) -> 0 | AK93: =VLOOKUP(G26,AK94:AL100,2,FALSE) -> 0 | AM93: =VLOOKUP(G26,AM94:AN100,2,FALSE) -> 0
V94: عيادي ، عيادي عيالي + ثياب العيد | AC94: NBK | AD94: =D26 -> 0 | AE94: NBK | AG94: NBK | AI94: NBK | AK94: NBK | AM94: NBK
C95: * | D95: =D6+D9+D10+D11+D13+D12 -> 0 | G95: مجموع الراتب مع مدخول الايضافي | V95: لا | AC95: ILA | AE95: ILA | AF95: =D26 -> 0 | AG95: ILA | AI95: ILA | AK95: ILA | AM95: ILA
AC96: BBK | AE96: BBK | AG96: BBK | AH96: =D26 -> 0 | AI96: BBK | AK96: BBK | AM96: BBK
D97: =D90+D9+D10+D11+D12+D13 -> 0 | G97: المتبقي الشهري من الراتب + المدخول الايضافي - ناقص جميع الاقتطاعات (الحج الاستثمار و غير ) | AC97: MEEM | AE97: MEEM | AG97: MEEM | AI97: MEEM | AJ97: =D26 -> 0 | AK97: MEEM | AM97: MEEM
AC98: NBB | AE98: NBB | AG98: NBB | AI98: NBB | AK98: NBB | AL98: =D26 -> 0 | AM98: NBB
AC99: غير محسوب ذي الشهر | AE99: غير محسوب ذي الشهر | AG99: غير محسوب ذي الشهر | AI99: غير محسوب ذي الشهر | AK99: غير محسوب ذي الشهر | AM99: غير محسوب ذي الشهر | AN99: =D26 -> 0
C100: * | D100: =D92+D9+D10+D11+D12+D13 -> 0 | G100: المتبقي الشهري من الراتب + المدخول الايضافي + الحج + تامين وتسجيل و العيد + ادخار للسفر - ناقص جميع الاقتطاعات (الاستثمار و غير ) | AC100: بطاقة صراف الالي | AE100: بطاقة صراف الالي | AG100: بطاقة صراف الالي | AI100: بطاقة صراف الالي | AK100: بطاقة صراف الالي | AM100: بطاقة صراف الالي
V102: مجموع الكلي الاقتطاعات للبطائق و حسابي المصرفي
C103: * | D103: =(W104+W105+W106+W107+W108+W109+U88)+U82+AA82+AA88 -> 0 | G103: مجموع المصاريف الشهرية (بدون اقتطاع الحج + تامين وتسجيل و العيد + ادخار للسفر ) | V103: اسم البنك | W103: السعر
V104: NBK | W104: =AC75+AC84+AC93+AC8+AL8+AU8+BD8+BM8+BV8+AC30+AL30+AU30+BD30+AC52+AL52+AU52+BD52+BM52+BM30+BV30+BV52+CE8+CE30+CE52+CN8+CN30+CN52+CW8+CW30+CW52+DF8+DF30+DF52+DO8+DO30 -> 0
...

Sheet 3
G2: اخر تحديث بتاريخ | S2: بدون اقتطاع ادخار + الحج
D4: جدول شهر 3 | N4: النسبة المئوية للراتب الشهري فقط | S4: النسبة المئوية للراتب الشهري فقط
N5: الاستثمار | O5: ادخار الحج | P5: ادخار ( تأمين و تسجيل + ثياب العيد ) + للسفر | Q5: مصاريف متنوعة | S5: الاستثمار | U5: مصاريف متنوعة
B6: اضغط هنا للرجوع الى الصفحة الرئيسية | G6: راتب الشهري | I6: * | N6: =(DF30+DH30+DJ30+DF41+DH41+DJ41)/(D6+U83+AA83+AA89+U89)*1 -> #DIV/0! | O6: =(CW30+CY30+DA30+CW41+CY41+DA41)/(D6+U83+AA83+AA89+U89)*1 -> #DIV/0! | P6: =(DO30+DQ30+DS30+DO41+DQ41+DS41+DO8+DQ8+DS8+DO19+DQ19+DS19)/(D6+U83+AA83+AA89+U89)*1 -> #DIV/0! | Q6: =(D103-N7)/(D6+U83+AA83+AA89+U89)*1 -> #DIV/0! | S6: =(DF30+DH30+DJ30+DF41+DH41+DJ41)/(D6+U83+AA83+AA89+U89)*1 -> #DIV/0! | U6: =(D103-N7)/(D6+U83+AA83+AA89+U89)*1 -> #DIV/0!
N7: =DF30+DH30+DJ30+DF41+DH41+DJ41 -> 0 | O7: =CW30+CY30+DA30+CW41+CY41+DA41 -> 0 | P7: =DO30+DQ30+DS30+DO41+DQ41+DS41+DO8+DQ8+DS8+DO19+DQ19+DS19 -> 0 | Q7: =(D6+U83+AA83+AA89+U89)*Q6/1 -> #DIV/0! | S7: =DF30+DH30+DJ30+DF41+DH41+DJ41 -> 0 | U7: =(D6+U83+AA83+AA89+U89)*Q6/1 -> #DIV/0! | AC7: علاج 1 | AE7: علاج 3 | AG7: علاج 5 | AL7: اجار الشقة ١٫١ | AN7: اجار الشقة ١٫٣ | AP7: اجار الشقة ١٫٥ | AU7: ماجلة البيت ١٫١ | AW7: ماجلة البيت ١٫٣ | AY7: ماجلة البيت ١٫٥ | BD7: جميع الابيال ١٫١ | BF7: جميع الابيال ١٫٣ | BH7: جميع الابيال ١٫٥ | BM7: بيل الكهرباء ١٫١ | BO7: بيل الكهرباء ١٫٣ | BQ7: بيل الكهرباء ١٫٥ | BV7: بترول الجميع ١٫١ | BX7: بترول الجميع ١٫٣ | BZ7: بترول الجميع ١٫٥ | CE7: قسط بطاقة الفيزا البنكية 1.1 | CG7: قسط بطاقة الفيزا البنكية 1.3 | CI7: قسط بطاقة الفيزا البنكية 1.5 | CN7: راتب الزوجة 1.1 | CP7: راتب الزوجة 1.3 | CR7: راتب الزوجة 1.5 | CW7: عامل التنظيف لجميع السيارات 1.1 | CY7: عامل التنظيف لجميع السيارات 1.3 | DA7: عامل التنظيف لجميع السيارات 1.5 | DF7: جمعية 1.1 | DH7: جمعية 1.3 | DJ7: جمعية 1.5 | DO7: ادخار ( تأمين و تسجيل + ثياب العيد + الروضة ) 1.1 | DQ7: ادخار ( تأمين و تسجيل + ثياب العيد + الروضة ) 1.3 | DS7: ادخار ( تأمين و تسجيل + ثياب العيد + الروضة ) 1.5
D8: دخل ايضافي كل شهر | N8: =(Q6+O6+N6+P6) -> #DIV/0! | P8: مجموع النسبة المئوية الكلي | S8: =(U6+S6) -> #DIV/0! | U8: مجموع النسبة المئوية الكلي | AC8: =VLOOKUP(G23,AC9:AD15,2,FALSE) -> 0 | AE8: =VLOOKUP(G23,AE9:AF15,2,FALSE) -> 0 | AG8: =VLOOKUP(G23,AG9:AH15,2,FALSE) -> 0 | AL8: =VLOOKUP(G18,AL9:AM15,2,FALSE) -> 0 | AN8: =VLOOKUP(G18,AN9:AO15,2,FALSE) -> 0 | AP8: =VLOOKUP(G18,AP9:AQ15,2,FALSE) -> 0 | AU8: =VLOOKUP(G19,AU9:AV15,2,FALSE) -> 0 | AW8: =VLOOKUP(G19,AW9:AX15,2,FALSE) -> 0 | AY8: =VLOOKUP(G19,AY9:AZ15,2,FALSE) -> 0 | BD8: =VLOOKUP(G20,BD9:BE15,2,FALSE) -> 0 | BF8: =VLOOKUP(G20,BF9:BG15,2,FALSE) -> 0 | BH8: =VLOOKUP(G20,BH9:BI15,2,FALSE) -> 0 | BM8: =VLOOKUP(G21,BM9:BN15,2,FALSE) -> 0 | BO8: =VLOOKUP(G21,BO9:BP15,2,FALSE) -> 0 | BQ8: =VLOOKUP(G21,BQ9:BR15,2,FALSE) -> 0 | BV8: =VLOOKUP(G27,BV9:BW15,2,FALSE) -> 0 | BX8: =VLOOKUP(G27,BX9:BY15,2,FALSE) -> 0 | BZ8: =VLOOKUP(G27,BZ9:CA15,2,FALSE) -> 0 | CE8: =VLOOKUP(H68,CE9:CF15,2,FALSE) -> 0 | CG8: =VLOOKUP(H68,CG9:CH15,2,FALSE) -> 0 | CI8: =VLOOKUP(H68,CI9:CJ15,2,FALSE) -> 0 | CN8: =VLOOKUP(G16,CN9:CO15,2,FALSE) -> 0 | CP8: =VLOOKUP(G16,CP9:CQ15,2,FALSE) -> 0 | CR8: =VLOOKUP(G16,CR9:CS15,2,FALSE) -> 0 | CW8: =VLOOKUP(G28,CW9:CX15,2,FALSE) -> 0 | CY8: =VLOOKUP(G28,CY9:CZ15,2,FALSE) -> 0 | DA8: =VLOOKUP(G28,DA9:DB15,2,FALSE) -> 0 | DF8: =VLOOKUP(G44,DF9:DG15,2,FALSE) -> 0 | DH8: =VLOOKUP(G44,DH9:DI15,2,FALSE) -> 0 | DJ8: =VLOOKUP(G44,DJ9:DK15,2,FALSE) -> 0 | DO8: =VLOOKUP(G47,DO9:DP15,2,FALSE) -> 0 | DQ8: =VLOOKUP(G47,DQ9:DR15,2,FALSE) -> 0 | DS8: =VLOOKUP(G47,DS9:DT15,2,FALSE) -> 0
G9: غلاء المعيشة | I9: * | N9: =N7+Q7+O7+P7 -> #DIV/0! | S9: =S7+U7 -> #DIV/0! | AC9: NBK | AD9: =D23 -> 0 | AE9: NBK | AG9: NBK | AL9: NBK | AM9: =D18 -> 0 | AN9: NBK | AP9: NBK | AU9: NBK | AV9: =D19 -> 0 | AW9: NBK | AY9: NBK | BD9: NBK | BE9: =D20 -> 0 | BF9: NBK | BH9: NBK | BM9: NBK | BN9: =D21 -> 0 | BO9: NBK | BQ9: NBK | BV9: NBK | BW9: =D27 -> 0 | BX9: NBK | BZ9: NBK | CE9: NBK | CF9: =D67 -> 0 | CG9: NBK | CI9: NBK | CN9: NBK | CO9: =D16 -> 0 | CP9: NBK | CR9: NBK | CW9: NBK | CX9: =D28 -> 0 | CY9: NBK | DA9: NBK | DF9: NBK | DG9: =D44 -> 0 | DH9: NBK | DJ9: NBK | DO9: NBK | DP9: =D47 -> 0 | DQ9: NBK | DS9: NBK
G10: علاوة إسكان | I10: * | N10: =1-N8 -> #DIV/0! | P10: المتبقي من الراتب | S10: =1-S8 -> #DIV/0! | U10: المتبقي من الراتب | AC10: ILA | AE10: ILA | AG10: ILA | AL10: ILA | AN10: ILA | AP10: ILA | AU10: ILA | AW10: ILA | AY10: ILA | BD10: ILA | BF10: ILA | BH10: ILA | BM10: ILA | BO10: ILA | BQ10: ILA | BV10: ILA | BX10: ILA | BZ10: ILA | CE10: ILA | CG10: ILA | CI10: ILA | CN10: ILA | CP10: ILA | CR10: ILA | CW10: ILA | CY10: ILA | DA10: ILA | DF10: ILA | DH10: ILA | DJ10: ILA | DO10: ILA | DQ10: ILA | DS10: ILA
G11: لا مـــــا بتــــــــنزل ذي الشهر | H11: دعم اللحوم كل ثلاث شهور | I11: * | N11: =((D6+U83+AA83+AA89+U89)*N10)/1 -> #DIV/0! | S11: =((D6+U83+AA83+AA89+U89)*S10)/1 -> #DIV/0! | AC11: BBK | AE11: BBK | AF11: =D23 -> 0 | AG11: BBK | AL11: BBK | AN11: BBK | AO11: =D18 -> 0 | AP11: BBK | AU11: BBK | AW11: BBK | AX11: =D19 -> 0 | AY11: BBK | BD11: BBK | BF11: BBK | BG11: =D20 -> 0 | BH11: BBK | BM11: BBK | BO11: BBK | BP11: =D21 -> 0 | BQ11: BBK | BV11: BBK | BX11: BBK | BY11: =D27 -> 0 | BZ11: BBK | CE11: BBK | CG11: BBK | CH11: =D67 -> 0 | CI11: BBK | CN11: BBK | CP11: BBK | CQ11: =D16 -> 0 | CR11: BBK | CW11: BBK | CY11: BBK | CZ11: =D28 -> 0 | DA11: BBK | DF11: BBK | DH11: BBK | DI11: =D44 -> 0 | DJ11: BBK | DO11: BBK | DQ11: BBK | DR11: =D47 -> 0 | DS11: BBK
G12: مساعدات خيرية | I12: * | AC12: MEEM | AE12: MEEM | AG12: MEEM | AL12: MEEM | AN12: MEEM | AP12: MEEM | AU12: MEEM | AW12: MEEM | AY12: MEEM | BD12: MEEM | BF12: MEEM | BH12: MEEM | BM12: MEEM | BO12: MEEM | BQ12: MEEM | BV12: MEEM | BX12: MEEM | BZ12: MEEM | CE12: MEEM | CG12: MEEM | CI12: MEEM | CN12: MEEM | CP12: MEEM | CR12: MEEM | CW12: MEEM | CY12: MEEM | DA12: MEEM | DF12: MEEM | DH12: MEEM | DJ12: MEEM | DO12: MEEM | DQ12: MEEM | DS12: MEEM
G13: مدخول اعمال حرة او خاص او جمعية او غيرها | I13: * | N13: النسبة المئوية للراتب الشهري + المدخول الإضافي | S13: النسبة المئوية للراتب الشهري + المدخول الإضافي | AC13: NBB | AE13: NBB | AG13: NBB | AH13: =D23 -> 0 | AL13: NBB | AN13: NBB | AP13: NBB | AQ13: =D18 -> 0 | AU13: NBB | AW13: NBB | AY13: NBB | AZ13: =D19 -> 0 | BD13: NBB | BF13: NBB | BH13: NBB | BI13: =D20 -> 0 | BM13: NBB | BO13: NBB | BQ13: NBB | BR13: =D21 -> 0 | BV13: NBB | BX13: NBB | BZ13: NBB | CA13: =D27 -> 0 | CE13: NBB | CG13: NBB | CI13: NBB | CJ13: =D67 -> 0 | CN13: NBB | CP13: NBB | CR13: NBB | CS13: =D16 -> 0 | CW13: NBB | CY13: NBB | DA13: NBB | DB13: =D28 -> 0 | DF13: NBB | DH13: NBB | DJ13: NBB | DK13: =D44 -> 0 | DO13: NBB | DQ13: NBB | DS13: NBB | DT13: =D47 -> 0
E14: عيادي+ عيادي عيالي | G14: ركز اهني هل يوجد عيد في ذي الشهر حق لثياب او العيادي | I14: مجرد ملاحظة و مارح ينحسب , اختار البنك | K14: مــــــــــــــلاحظات | N14: الاستثمار | O14: ادخار الحج | P14: ادخار ( تأمين و تسجيل + ثياب العيد ) + للسفر | Q14: مصاريف متنوع | S14: الاستثمار | U14: مصاريف متنوع | AC14: بطاقة صراف الالي | AE14: بطاقة صراف الالي | AG14: بطاقة صراف الالي | AL14: بطاقة صراف الالي | AN14: بطاقة صراف الالي | AP14: بطاقة صراف الالي | AU14: بطاقة صراف الالي | AW14: بطاقة صراف الالي | AY14: بطاقة صراف الالي | BD14: بطاقة صراف الالي | BF14: بطاقة صراف الالي | BH14: بطاقة صراف الالي | BM14: بطاقة صراف الالي | BO14: بطاقة صراف الالي | BQ14: بطاقة صراف الالي | BV14: بطاقة صراف الالي | BX14: بطاقة صراف الالي | BZ14: بطاقة صراف الالي | CE14: بطاقة صراف الالي | CG14: بطاقة صراف الالي | CI14: بطاقة صراف الالي | CN14: بطاقة صراف الالي | CP14: بطاقة صراف الالي | CR14: بطاقة صراف الالي | CW14: بطاقة صراف الالي | CY14: بطاقة صراف الالي | DA14: بطاقة صراف الالي | DF14: بطاقة صراف الالي | DH14: بطاقة صراف الالي | DJ14: بطاقة صراف الالي | DO14: بطاقة صراف الالي | DQ14: بطاقة صراف الالي | DS14: بطاقة صراف الالي
B15: ذهاب الى | D15: المصاريف الشهرية وتوزيعها | N15: =(DF30+DH30+DJ30+DF41+DH41+DJ41)/(D6+D9+D10+D11+D12+D13+U83+AA83+AA89+U89)*1 -> #DIV/0! | O15: =(CW30+CY30+DA30+CW41+CY41+DA41)/(D6+D9+D10+D11+D12+D13+U83+AA83+AA89+U89)*1 -> #DIV/0! | P15: =(DO30+DQ30+DS30+DO41+DQ41+DS41+DO8+DQ8+DS8+DO19+DQ19+DS19)/(D6+D9+D10+D11+D12+D13+U83+AA83+AA89+U89)*1 -> #DIV/0! | Q15: =(D103-N7)/(D6+D9+D10+D11+D12+D13+U83+AA83+AA89+U89)*1 -> #DIV/0! | S15: =(DF30+DH30+DJ30+DF41+DH41+DJ41)/(D6+D9+D10+D11+D12+D13+U83+AA83+AA89+U89)*1 -> #DIV/0! | U15: =(D103-N7)/(D6+D9+D10+D11+D12+D13+U83+AA83+AA89+U89)*1 -> #DIV/0! | AC15: غير محسوب ذي الشهر | AE15: غير محسوب ذي الشهر | AG15: غير محسوب ذي الشهر | AL15: غير محسوب ذي الشهر | AN15: غير محسوب ذي الشهر | AP15: غير محسوب ذي الشهر | AU15: غير محسوب ذي الشهر | AW15: غير محسوب ذي الشهر | AY15: غير محسوب ذي الشهر | BD15: غير محسوب ذي الشهر | BF15: غير محسوب ذي الشهر | BH15: غير محسوب ذي الشهر | BM15: غير محسوب ذي الشهر | BO15: غير محسوب ذي الشهر | BQ15: غير محسوب ذي الشهر | BV15: غير محسوب ذي الشهر | BX15: غير محسوب ذي الشهر | BZ15: غير محسوب ذي الشهر | CE15: غير محسوب ذي الشهر | CG15: غير محسوب ذي الشهر | CI15: غير محسوب ذي الشهر | CN15: غير محسوب ذي الشهر | CP15: غير محسوب ذي الشهر | CR15: غير محسوب ذي الشهر | CW15: غير محسوب ذي الشهر | CY15: غير محسوب ذي الشهر | DA15: غير محسوب ذي الشهر | DF15: غير محسوب ذي الشهر | DH15: غير محسوب ذي الشهر | DJ15: غير محسوب ذي الشهر | DO15: غير محسوب ذي الشهر | DQ15: غير محسوب ذي الشهر | DS15: غير محسوب ذي الشهر
B16: شهر 1 | G16: بطاقة صراف الالي | H16: راتب الزوجة | I16: - | N16: =DF30+DH30+DJ30+DF41+DH41+DJ41 -> 0 | O16: =CW30+CY30+DA30+CW41+CY41+DA41 -> 0 | P16: =DO30+DQ30+DS30+DO41+DQ41+DS41+DO8+DQ8+DS8+DO19+DQ19+DS19 -> 0 | Q16: =(D6+D9+D10+D11+D12+D13+U83+AA83+AA89+U89)*Q15/1 -> #DIV/0! | S16: =DF30+DH30+DJ30+DF41+DH41+DJ41 -> 0 | U16: =(D6+D9+D10+D11+D12+D13+U83+AA83+AA89+U89)*Q15/1 -> #DIV/0!
B17: شهر 2 | G17: بطاقة صراف الالي | H17: مصروف العائلة | I17: - | N17: =(Q15+O15+N15+P15) -> #DIV/0! | P17: مجموع النسبة المئوية الكلي | S17: =(U15+S15) -> #DIV/0! | U17: مجموع النسبة المئوية الكلي
B18: شهر 3 | G18: بطاقة صراف الالي | H18: أجار الشقة او المنزل | I18: - | N18: =N16+O16+Q16+P16 -> #DIV/0! | S18: =S16+U16 -> #DIV/0! | AC18: علاج 2 | AE18: علاج 4 | AG18: علاج 6 | AI18: علاج 7 | AL18: اجار الشقة ١٫٢ | AN18: اجار الشقة ١٫٤ | AP18: اجار الشقة ١٫٦ | AR18: اجار الشقة ١٫٧ | AU18: ماجلة البيت ١٫٢ | AW18: ماجلة البيت ١٫٤ | AY18: ماجلة البيت ١٫٦ | BA18: ماجلة البيت ١٫٧ | BD18: جميع الابيال ١٫٢ | BF18: جميع الابيال ١٫٤ | BH18: جميع الابيال ١٫٦ | BJ18: جميع الابيال ١٫٧ | BM18: بيل الكهرباء ١٫٢ | BO18: بيل الكهرباء ١٫٤ | BQ18: بيل الكهرباء ١٫٦ | BS18: بيل الكهرباء ١٫٧ | BV18: بترول الجميع ١٫٢ | BX18: بترول الجميع ١٫٤ | BZ18: بترول الجميع ١٫٦ | CB18: بترول الجميع ١٫٧ | CE18: قسط بطاقة الفيزا البنكية 1.2 | CG18: قسط بطاقة الفيزا البنكية 1.4 | CI18: قسط بطاقة الفيزا البنكية 1.6 | CK18: قسط بطاقة الفيزا البنكية 1.7 | CN18: راتب الزوجة 1.2 | CP18: راتب الزوجة 1.4 | CR18: راتب الزوجة 1.6 | CT18: راتب الزوجة 1.7 | CW18: عامل التنظيف لجميع السيارات 1.2 | CY18: عامل التنظيف لجميع السيارات 1.4 | DA18: عامل التنظيف لجميع السيارات 1.6 | DC18: عامل التنظيف لجميع السيارات 1.7 | DF18: جمعية 1.2 | DH18: جمعية 1.4 | DJ18: جمعية 1.6 | DL18: جمعية 1.7 | DO18: ادخار ( تأمين و تسجيل + ثياب العيد + الروضة ) 1.2 | DQ18: ادخار ( تأمين و تسجيل + ثياب العيد + الروضة ) 1.4 | DS18: ادخار ( تأمين و تسجيل + ثياب العيد + الروضة ) 1.6 | DU18: ادخار ( تأمين و تسجيل + ثياب العيد + الروضة ) 1.7
B19: شهر 4 | G19: بطاقة صراف الالي | H19: ماچلة البيت | I19: - | N19: =1-N17 -> #DIV/0! | P19: المتبقي من الراتب | S19: =1-S17 -> #DIV/0! | U19: المتبقي من الراتب | AC19: =VLOOKUP(G23,AC20:AD26,2,FALSE) -> 0 | AE19: =VLOOKUP(G23,AE20:AF26,2,FALSE) -> 0 | AG19: =VLOOKUP(G23,AG20:AH26,2,FALSE) -> 0 | AI19: =VLOOKUP(G23,AI20:AJ26,2,FALSE) -> 0 | AL19: =VLOOKUP(G18,AL20:AM26,2,FALSE) -> 0 | AN19: =VLOOKUP(G18,AN20:AO26,2,FALSE) -> 0 | AP19: =VLOOKUP(G18,AP20:AQ26,2,FALSE) -> 0 | AR19: =VLOOKUP(G18,AR20:AS26,2,FALSE) -> 0 | AU19: =VLOOKUP(G19,AU20:AV26,2,FALSE) -> 0 | AW19: =VLOOKUP(G19,AW20:AX26,2,FALSE) -> 0 | AY19: =VLOOKUP(G19,AY20:AZ26,2,FALSE) -> 0 | BA19: =VLOOKUP(G19,BA20:BB26,2,FALSE) -> 0 | BD19: =VLOOKUP(G20,BD20:BE26,2,FALSE) -> 0 | BF19: =VLOOKUP(G20,BF20:BG26,2,FALSE) -> 0 | BH19: =VLOOKUP(G20,BH20:BI26,2,FALSE) -> 0 | BJ19: =VLOOKUP(G20,BJ20:BK26,2,FALSE) -> 0 | BM19: =VLOOKUP(G21,BM20:BN26,2,FALSE) -> 0 | BO19: =VLOOKUP(G21,BO20:BP26,2,FALSE) -> 0 | BQ19: =VLOOKUP(G21,BQ20:BR26,2,FALSE) -> 0 | BS19: =VLOOKUP(G21,BS20:BT26,2,FALSE) -> 0 | BV19: =VLOOKUP(G27,BV20:BW26,2,FALSE) -> 0 | BX19: =VLOOKUP(G27,BX20:BY26,2,FALSE) -> 0 | BZ19: =VLOOKUP(G27,BZ20:CA26,2,FALSE) -> 0 | CB19: =VLOOKUP(G27,CB20:CC26,2,FALSE) -> 0 | CE19: =VLOOKUP(H68,CE20:CF26,2,FALSE) -> 0 | CG19: =VLOOKUP(H68,CG20:CH26,2,FALSE) -> 0 | CI19: =VLOOKUP(H68,CI20:CJ26,2,FALSE) -> 0 | CK19: =VLOOKUP(H68,CK20:CL26,2,FALSE) -> 0 | CN19: =VLOOKUP(G16,CN20:CO26,2,FALSE) -> 0 | CP19: =VLOOKUP(G16,CP20:CQ26,2,FALSE) -> 0 | CR19: =VLOOKUP(G16,CR20:CS26,2,FALSE) -> 0 | CT19: =VLOOKUP(G16,CT20:CU26,2,FALSE) -> 0 | CW19: =VLOOKUP(G28,CW20:CX26,2,FALSE) -> 0 | CY19: =VLOOKUP(G28,CY20:CZ26,2,FALSE) -> 0 | DA19: =VLOOKUP(G28,DA20:DB26,2,FALSE) -> 0 | DC19: =VLOOKUP(G28,DC20:DD26,2,FALSE) -> 0 | DF19: =VLOOKUP(G44,DF20:DG26,2,FALSE) -> 0 | DH19: =VLOOKUP(G44,DH20:DI26,2,FALSE) -> 0 | DJ19: =VLOOKUP(G44,DJ20:DK26,2,FALSE) -> 0 | DL19: =VLOOKUP(G44,DL20:DM26,2,FALSE) -> 0 | DO19: =VLOOKUP(G47,DO20:DP26,2,FALSE) -> 0 | DQ19: =VLOOKUP(G47,DQ20:DR26,2,FALSE) -> 0 | DS19: =VLOOKUP(G47,DS20:DT26,2,FALSE) -> 0 | DU19: =VLOOKUP(G47,DU20:DV26,2,FALSE) -> 0
B20: شهر 5 | G20: بطاقة صراف الالي | H20: جميع الابيال الانترنت و خطوط الهاتف | I20: - | N20: =(D6+D9+D10+D11+D12+D13+U83+AA83+AA89+U89)*N19/1 -> #DIV/0! | S20: =(D6+D9+D10+D11+D12+D13+U83+AA83+AA89+U89)*S19/1 -> #DIV/0! | AC20: NBK | AE20: NBK | AG20: NBK | AI20: NBK | AL20: NBK | AN20: NBK | AP20: NBK | AR20: NBK | AU20: NBK | AW20: NBK | AY20: NBK | BA20: NBK | BD20: NBK | BF20: NBK | BH20: NBK | BJ20: NBK | BM20: NBK | BO20: NBK | BQ20: NBK | BS20: NBK | BV20: NBK | BX20: NBK | BZ20: NBK | CB20: NBK | CE20: NBK | CG20: NBK | CI20: NBK | CK20: NBK | CN20: NBK | CP20: NBK | CR20: NBK | CT20: NBK | CW20: NBK | CY20: NBK | DA20: NBK | DC20: NBK | DF20: NBK | DH20: NBK | DJ20: NBK | DL20: NBK | DO20: NBK | DQ20: NBK | DS20: NBK | DU20: NBK
B21: شهر 6 | G21: بطاقة صراف الالي | H21: بيل الكهرباء و الماء | I21: - | AC21: ILA | AD21: =D23 -> 0 | AE21: ILA | AG21: ILA | AI21: ILA | AL21: ILA | AM21: =D18 -> 0 | AN21: ILA | AP21: ILA | AR21: ILA | AU21: ILA | AV21: =D19 -> 0 | AW21: ILA | AY21: ILA | BA21: ILA | BD21: ILA | BE21: =D20 -> 0 | BF21: ILA | BH21: ILA | BJ21: ILA | BM21: ILA | BN21: =D21 -> 0 | BO21: ILA | BQ21: ILA | BS21: ILA | BV21: ILA | BW21: =D27 -> 0 | BX21: ILA | BZ21: ILA | CB21: ILA | CE21: ILA | CF21: =D67 -> 0 | CG21: ILA | CI21: ILA | CK21: ILA | CN21: ILA | CO21: =D16 -> 0 | CP21: ILA | CR21: ILA | CT21: ILA | CW21: ILA | CX21: =D28 -> 0 | CY21: ILA | DA21: ILA | DC21: ILA | DF21: ILA | DG21: =D44 -> 0 | DH21: ILA | DJ21: ILA | DL21: ILA | DO21: ILA | DP21: =D47 -> 0 | DQ21: ILA | DS21: ILA | DU21: ILA
B22: شهر 7 | G22: بطاقة صراف الالي | H22: مصروفات أخرى | I22: - | O22: مجموع الكلي الاقتطاعات للبطائق و حسابي المصرفي | AC22: BBK | AE22: BBK | AG22: BBK | AI22: BBK | AL22: BBK | AN22: BBK | AP22: BBK | AR22: BBK | AU22: BBK | AW22: BBK | AY22: BBK | BA22: BBK | BD22: BBK | BF22: BBK | BH22: BBK | BJ22: BBK | BM22: BBK | BO22: BBK | BQ22: BBK | BS22: BBK | BV22: BBK | BX22: BBK | BZ22: BBK | CB22: BBK | CE22: BBK | CG22: BBK | CI22: BBK | CK22: BBK | CN22: BBK | CP22: BBK | CR22: BBK | CT22: BBK | CW22: BBK | CY22: BBK | DA22: BBK | DC22: BBK | DF22: BBK | DH22: BBK | DJ22: BBK | DL22: BBK | DO22: BBK | DQ22: BBK | DS22: BBK | DU22: BBK
B23: شهر 8 | G23: بطاقة صراف الالي | H23: علاج | I23: - | O23: اسم البنك | P23: السعر | AC23: MEEM | AE23: MEEM | AF23: =D23 -> 0 | AG23: MEEM | AI23: MEEM | AL23: MEEM | AN23: MEEM | AO23: =D18 -> 0 | AP23: MEEM | AR23: MEEM | AU23: MEEM | AW23: MEEM | AX23: =D19 -> 0 | AY23: MEEM | BA23: MEEM | BD23: MEEM | BF23: MEEM | BG23: =D20 -> 0 | BH23: MEEM | BJ23: MEEM | BM23: MEEM | BO23: MEEM | BP23: =D21 -> 0 | BQ23: MEEM | BS23: MEEM | BV23: MEEM | BX23: MEEM | BY23: =D27 -> 0 | BZ23: MEEM | CB23: MEEM | CE23: MEEM | CG23: MEEM | CH23: =D67 -> 0 | CI23: MEEM | CK23: MEEM | CN23: MEEM | CP23: MEEM | CQ23: =D16 -> 0 | CR23: MEEM | CT23: MEEM | CW23: MEEM | CY23: MEEM | CZ23: =D28 -> 0 | DA23: MEEM | DC23: MEEM | DF23: MEEM | DH23: MEEM | DI23: =D44 -> 0 | DJ23: MEEM | DL23: MEEM | DO23: MEEM | DQ23: MEEM | DR23: =D47 -> 0 | DS23: MEEM | DU23: MEEM
B24: شهر 9 | G24: غير محسوب ذي الشهر | H24: دفع مشتريات بطاقة الفيزا متنوعة ١ | I24: - | O24: NBK | P24: =AC75+AC84+AC93+AC8+AL8+AU8+BD8+BM8+BV8+AC30+AL30+AU30+BD30+AC52+AL52+AU52+BD52+BM52+BM30+BV30+BV52+CE8+CE30+CE52+CN8+CN30+CN52+CW8+CW30+CW52+DF8+DF30+DF52+DO8+DO30 -> 0 | AC24: NBB | AE24: NBB | AG24: NBB | AI24: NBB | AL24: NBB | AN24: NBB | AP24: NBB | AR24: NBB | AU24: NBB | AW24: NBB | AY24: NBB | BA24: NBB | BD24: NBB | BF24: NBB | BH24: NBB | BJ24: NBB | BM24: NBB | BO24: NBB | BQ24: NBB | BS24: NBB | BV24: NBB | BX24: NBB | BZ24: NBB | CB24: NBB | CE24: NBB | CG24: NBB | CI24: NBB | CK24: NBB | CN24: NBB | CP24: NBB | CR24: NBB | CT24: NBB | CW24: NBB | CY24: NBB | DA24: NBB | DC24: NBB | DF24: NBB | DH24: NBB | DJ24: NBB | DL24: NBB | DO24: NBB | DQ24: NBB | DS24: NBB | DU24: NBB
B25: شهر 10 | G25: غير محسوب ذي الشهر | H25: دفع مشتريات بطاقة الفيزا متنوعة ٢ | I25: - | O25: ILA | P25: =AE75+AE84+AE93+AC19+AL19+AU19+BD19+BM19+BV19+AC41+AL41+AU41+BD41+AC63+AL63+AU63+BD63+BM63+BM41+BV41+BV63+CE19+CE41+CE63+CN19+CN41+CN63+CW19+CW41+CW63+DF19+DF41+DF63+DO19+DO41 -> 0 | AC25: بطاقة صراف الالي | AE25: بطاقة صراف الالي | AG25: بطاقة صراف الالي | AH25: =D23 -> 0 | AI25: بطاقة صراف الالي | AL25: بطاقة صراف الالي | AN25: بطاقة صراف الالي | AP25: بطاقة صراف الالي | AQ25: =D18 -> 0 | AR25: بطاقة صراف الالي | AU25: بطاقة صراف الالي | AW25: بطاقة صراف الالي | AY25: بطاقة صراف الالي | AZ25: =D19 -> 0 | BA25: بطاقة صراف الالي | BD25: بطاقة صراف الالي | BF25: بطاقة صراف الالي | BH25: بطاقة صراف الالي | BI25: =D20 -> 0 | BJ25: بطاقة صراف الالي | BM25: بطاقة صراف الالي | BO25: بطاقة صراف الالي | BQ25: بطاقة صراف الالي | BR25: =D21 -> 0 | BS25: بطاقة صراف الالي | BV25: بطاقة صراف الالي | BX25: بطاقة صراف الالي | BZ25: بطاقة صراف الالي | CA25: =D27 -> 0 | CB25: بطاقة صراف الالي | CE25: بطاقة صراف الالي | CG25: بطاقة صراف الالي | CI25: بطاقة صراف الالي | CJ25: =D67 -> 0 | CK25: بطاقة صراف الالي | CN25: بطاقة صراف الالي | CP25: بطاقة صراف الالي | CR25: بطاقة صراف الالي | CS25: =D16 -> 0 | CT25: بطاقة صراف الالي | CW25: بطاقة صراف الالي | CY25: بطاقة صراف الالي | DA25: بطاقة صراف الالي | DB25: =D28 -> 0 | DC25: بطاقة صراف الالي | DF25: بطاقة صراف الالي | DH25: بطاقة صراف الالي | DJ25: بطاقة صراف الالي | DK25: =D44 -> 0 | DL25: بطاقة صراف الالي | DO25: بطاقة صراف الالي | DQ25: بطاقة صراف الالي | DS25: بطاقة صراف الالي | DT25: =D47 -> 0 | DU25: بطاقة صراف الالي
B26: شهر 11 | G26: غير محسوب ذي الشهر | H26: دفع مشتريات بطاقة الفيزا متنوعة ٣ | I26: - | O26: BBK | P26: =AG75+AG84+AG93+AE8+AN8+AW8+BF8+BO8+BX8+AE30+AN30+AW30+BF30+AE52+AN52+AW52+BF52+BO52+BO30+BX30+BX52+CG8+CG30+CG52+CP8+CP30+CP52+CY8+CY30+CY52+DH8+DH30+DH52+DQ8+DQ30 -> 0 | AC26: غير محسوب ذي الشهر | AE26: غير محسوب ذي الشهر | AG26: غير محسوب ذي الشهر | AI26: غير محسوب ذي الشهر | AJ26: =D23 -> 0 | AL26: غير محسوب ذي الشهر | AN26: غير محسوب ذي الشهر | AP26: غير محسوب ذي الشهر | AR26: غير محسوب ذي الشهر | AS26: =D18 -> 0 | AU26: غير محسوب ذي الشهر | AW26: غير محسوب ذي الشهر | AY26: غير محسوب ذي الشهر | BA26: غير محسوب ذي الشهر | BB26: =D19 -> 0 | BD26: غير محسوب ذي الشهر | BF26: غير محسوب ذي الشهر | BH26: غير محسوب ذي الشهر | BJ26: غير محسوب ذي الشهر | BK26: =D20 -> 0 | BM26: غير محسوب ذي الشهر | BO26: غير محسوب ذي الشهر | BQ26: غير محسوب ذي الشهر | BS26: غير محسوب ذي الشهر | BT26: =D21 -> 0 | BV26: غير محسوب ذي الشهر | BX26: غير محسوب ذي الشهر | BZ26: غير محسوب ذي الشهر | CB26: غير محسوب ذي الشهر | CC26: =D27 -> 0 | CE26: غير محسوب ذي الشهر | CG26: غير محسوب ذي الشهر | CI26: غير محسوب ذي الشهر | CK26: غير محسوب ذي الشهر | CL26: =D67 -> 0 | CN26: غير محسوب ذي الشهر | CP26: غير محسوب ذي الشهر | CR26: غير محسوب ذي الشهر | CT26: غير محسوب ذي الشهر | CU26: =D16 -> 0 | CW26: غير محسوب ذي الشهر | CY26: غير محسوب ذي الشهر | DA26: غير محسوب ذي الشهر | DC26: غير محسوب ذي الشهر | DD26: =D28 -> 0 | DF26: غير محسوب ذي الشهر | DH26: غير محسوب ذي الشهر | DJ26: غير محسوب ذي الشهر | DL26: غير محسوب ذي الشهر | DM26: =D44 -> 0 | DO26: غير محسوب ذي الشهر | DQ26: غير محسوب ذي الشهر | DS26: غير محسوب ذي الشهر | DU26: غير محسوب ذي الشهر | DV26: =D47 -> 0
B27: شهر 12 | G27: بطاقة صراف الالي | H27: بترول جميع السيارات | I27: - | O27: MEEM | P27: =AI75+AI84+AI93+AE19+AN19+AW19+BF19+BO19+BX19+AE41+AN41+AW41+BF41+AE63+AN63+AW63+BF63+BO63+BO41+BX41+BX63+CG19+CG41+CG63+CP19+CP41+CP63+CY19+CY41+CY63+DH19+DH41+DH63+DQ19+DQ41 -> 0
B28: سلف و دين واقساط | G28: بطاقة صراف الالي | H28: عامل التنظيف لجميع السيارات | I28: - | O28: NBB | P28: =AK75+AK84+AK93+AG8+AP8+AY8+BH8+BQ8+BZ8+AG30+AP30+AY30+BH30+AG52+AP52+AY52+BH52+BQ52+BQ30+BZ30+BZ52+CI8+CI30+CI52+CR8+CR30+CR52+DA8+DA30+DA52+DJ8+DJ30+DJ52+DS8+DS30 -> 0
G29: بطاقة صراف الالي | H29: تصليح السيارة ( تبديل قطع غيار , صباغة و غيره) | I29: - | O29: بطاقة صراف الالي | P29: =AG19+AP19+AY19+BH19+BQ19+BZ19+AG41+AP41+AY41+AG63+AP63+AY63+BH63+BQ63+BQ41+BZ41+BZ63+BH41+CI19+CI41+CI63+CR19+CR41+CR63+DA19+DA41+DA63+DJ19+DJ41+DJ63+DS19+DS41 -> 0 | AC29: تصليح سيارة ١٫١ | AE29: تصليح سيارة ١٫٣ | AG29: تصليح سيارة ١٫٥ | AL29: تصليح سيارة 2.1 | AN29: تصليح سيارة 2.3 | AP29: تصليح سيارة 2.5 | AU29: تعديل البيت ١٫١ | AW29: تعديل البيت ١٫٣ | AY29: تعديل البيت ١٫٥ | BD29: تعديل البيت ٢٫١ | BF29: تعديل البيت ٢٫٣ | BH29: تعديل البيت ٢٫٥ | BM29: دروس تقوية للأطفال و الكبار 1.1 | BO29: دروس تقوية للأطفال و الكبار 1.3 | BQ29: دروس تقوية للأطفال و الكبار 1.5 | BV29: احتياجات ألاطفال 1.1 | BX29: احتياجات ألاطفال 1.3 | BZ29: احتياجات ألاطفال 1.5 | CE29: قسط البنك 1.1 | CG29: قسط البنك 1.3 | CI29: قسط البنك 1.5 | CN29: مصروف العائلة 1.1 | CP29: مصروف العائلة 1.3 | CR29: مصروف العائلة 1.5 | CW29: ادخار للحج 1.1 | CY29: ادخار للحج 1.3 | DA29: ادخار للحج 1.5 | DF29: استثمار 1.1 | DH29: استثمار 1.3 | DJ29: استثمار 1.5 | DO29: ادخار للسفر 1.1 | DQ29: ادخار للسفر 1.3 | DS29: ادخار للسفر 1.5
G30: بطاقة صراف الالي | I30: - | O30: غير محسوب ذي الشهر | P30: =AM93+AM84+AM75+AI19+AI41+AI63+AR19+AR41+AR63+BA19+BA41+BA63+BJ19+BJ41+BJ63+BS63+BS41+BS19+CB19+CB41+CB63+CK19+CK41+CK63+CT19+CT41+CT63+DC19+DC41+DC63+DL19+DL41+DL63+DU19+DU41 -> 0 | AC30: =VLOOKUP(G29,AC31:AD37,2,FALSE) -> 0 | AE30: =VLOOKUP(G29,AE31:AF37,2,FALSE) -> 0 | AG30: =VLOOKUP(G29,AG31:AH37,2,FALSE) -> 0 | AL30: =VLOOKUP(G30,AL31:AM37,2,FALSE) -> 0 | AN30: =VLOOKUP(G30,AN31:AO37,2,FALSE) -> 0 | AP30: =VLOOKUP(G30,AP31:AQ37,2,FALSE) -> 0 | AU30: =VLOOKUP(G31,AU31:AV37,2,FALSE) -> 0 | AW30: =VLOOKUP(G31,AW31:AX37,2,FALSE) -> 0 | AY30: =VLOOKUP(G31,AY31:AZ37,2,FALSE) -> 0 | BD30: =VLOOKUP(G32,BD31:BE37,2,FALSE) -> 0 | BF30: =VLOOKUP(G32,BF31:BG37,2,FALSE) -> 0 | BH30: =VLOOKUP(G32,BH31:BI37,2,FALSE) -> 0 | BM30: =VLOOKUP(G39,BM31:BN37,2,FALSE) -> 0 | BO30: =VLOOKUP(G39,BO31:BP37,2,FALSE) -> 0 | BQ30: =VLOOKUP(G39,BQ31:BR37,2,FALSE) -> 0 | BV30: =VLOOKUP(G40,BV31:BW37,2,FALSE) -> 0 | BX30: =VLOOKUP(G40,BX31:BY37,2,FALSE) -> 0 | BZ30: =VLOOKUP(G40,BZ31:CA37,2,FALSE) -> 0 | CE30: =VLOOKUP(H74,CE31:CF37,2,FALSE) -> 0 | CG30: =VLOOKUP(H74,CG31:CH37,2,FALSE) -> 0 | CI30: =VLOOKUP(H74,CI31:CJ37,2,FALSE) -> 0 | CN30: =VLOOKUP(G17,CN31:CO37,2,FALSE) -> 0 | CP30: =VLOOKUP(G17,CP31:CQ37,2,FALSE) -> 0 | CR30: =VLOOKUP(G17,CR31:CS37,2,FALSE) -> 0 | CW30: =VLOOKUP(G42,CW31:CX37,2,FALSE) -> 0 | CY30: =VLOOKUP(G42,CY31:CZ37,2,FALSE) -> 0 | DA30: =VLOOKUP(G42,DA31:DB37,2,FALSE) -> 0 | DF30: =VLOOKUP(G45,DF31:DG37,2,FALSE) -> 0 | DH30: =VLOOKUP(G45,DH31:DI37,2,FALSE) -> 0 | DJ30: =VLOOKUP(G45,DJ31:DK37,2,FALSE) -> 0 | DO30: =VLOOKUP(G48,DO31:DP37,2,FALSE) -> 0 | DQ30: =VLOOKUP(G48,DQ31:DR37,2,FALSE) -> 0 | DS30: =VLOOKUP(G48,DS31:DT37,2,FALSE) -> 0
G31: بطاقة صراف الالي | H31: تعديل او تصليح او ( إضافة في المنزل مثل شراء أغراض ) | I31: - | AC31: NBK | AD31: =D29 -> 0 | AE31: NBK | AG31: NBK | AL31: NBK | AM31: =D30 -> 0 | AN31: NBK | AP31: NBK | AU31: NBK | AV31: =D31 -> 0 | AW31: NBK | AY31: NBK | BD31: NBK | BE31: =D32 -> 0 | BF31: NBK | BH31: NBK | BM31: NBK | BN31: =D39 -> 0 | BO31: NBK | BQ31: NBK | BV31: NBK | BW31: =D41+E41+F41 -> 0 | BX31: NBK | BZ31: NBK | CE31: NBK | CF31: =D73 -> 0 | CG31: NBK | CI31: NBK | CN31: NBK | CO31: =D17 -> 0 | CP31: NBK | CR31: NBK | CW31: NBK | CX31: =D42 -> 0 | CY31: NBK | DA31: NBK | DF31: NBK | DG31: =D45 -> 0 | DH31: NBK | DJ31: NBK | DO31: NBK | DP31: =D48 -> 0 | DQ31: NBK | DS31: NBK
G32: بطاقة صراف الالي | I32: - | AC32: ILA | AE32: ILA | AG32: ILA | AL32: ILA | AN32: ILA | AP32: ILA | AU32: ILA | AW32: ILA | AY32: ILA | BD32: ILA | BF32: ILA | BH32: ILA | BM32: ILA | BO32: ILA | BQ32: ILA | BV32: ILA | BX32: ILA | BZ32: ILA | CE32: ILA | CG32: ILA | CI32: ILA | CN32: ILA | CP32: ILA | CR32: ILA | CW32: ILA | CY32: ILA | DA32: ILA | DF32: ILA | DH32: ILA | DJ32: ILA | DO32: ILA | DQ32: ILA | DS32: ILA
G33: - | H33: تكاليف العيدميلاد | AC33: BBK | AE33: BBK | AF33: =D29 -> 0 | AG33: BBK | AL33: BBK | AN33: BBK | AO33: =D30 -> 0 | AP33: BBK | AU33: BBK | AW33: BBK | AX33: =D31 -> 0 | AY33: BBK | BD33: BBK | BF33: BBK | BG33: =D32 -> 0 | BH33: BBK | BM33: BBK | BO33: BBK | BP33: =D39 -> 0 | BQ33: BBK | BV33: BBK | BX33: BBK | BY33: =D41+E41+F41 -> 0 | BZ33: BBK | CE33: BBK | CG33: BBK | CH33: =D73 -> 0 | CI33: BBK | CN33: BBK | CP33: BBK | CQ33: =D17 -> 0 | CR33: BBK | CW33: BBK | CY33: BBK | CZ33: =D42 -> 0 | DA33: BBK | DF33: BBK | DH33: BBK | DI33: =D45 -> 0 | DJ33: BBK | DO33: BBK | DQ33: BBK | DR33: =D48 -> 0 | DS33: BBK
G34: بطاقة صراف الالي | I34: - | O34: بطاقة الفيزاء مجرد معلومات عامة ( غير محسوب في الجدول ) | AC34: MEEM | AE34: MEEM | AG34: MEEM | AL34: MEEM | AN34: MEEM | AP34: MEEM | AU34: MEEM | AW34: MEEM | AY34: MEEM | BD34: MEEM | BF34: MEEM | BH34: MEEM | BM34: MEEM | BO34: MEEM | BQ34: MEEM | BV34: MEEM | BX34: MEEM | BZ34: MEEM | CE34: MEEM | CG34: MEEM | CI34: MEEM | CN34: MEEM | CP34: MEEM | CR34: MEEM | CW34: MEEM | CY34: MEEM | DA34: MEEM | DF34: MEEM | DH34: MEEM | DJ34: MEEM | DO34: MEEM | DQ34: MEEM | DS34: MEEM
G35: بطاقة صراف الالي | H35: مدرسة خاصة | I35: - | P35: الي لازم ادفع | AC35: NBB | AE35: NBB | AG35: NBB | AH35: =D29 -> 0 | AL35: NBB | AN35: NBB | AP35: NBB | AQ35: =D30 -> 0 | AU35: NBB | AW35: NBB | AY35: NBB | AZ35: =D31 -> 0 | BD35: NBB | BF35: NBB | BH35: NBB | BI35: =D32 -> 0 | BM35: NBB | BO35: NBB | BQ35: NBB | BR35: =D39 -> 0 | BV35: NBB | BX35: NBB | BZ35: NBB | CA35: =D41+E41+F41 -> 0 | CE35: NBB | CG35: NBB | CI35: NBB | CJ35: =D73 -> 0 | CN35: NBB | CP35: NBB | CR35: NBB | CS35: =D17 -> 0 | CW35: NBB | CY35: NBB | DA35: NBB | DB35: =D42 -> 0 | DF35: NBB | DH35: NBB | DJ35: NBB | DK35: =D45 -> 0 | DO35: NBB | DQ35: NBB | DS35: NBB | DT35: =D48 -> 0
G36: بطاقة صراف الالي | H36: روضة | I36: - | P36: تامين مالي + تسجيل سيارة | AC36: بطاقة صراف الالي | AE36: بطاقة صراف الالي | AG36: بطاقة صراف الالي | AL36: بطاقة صراف الالي | AN36: بطاقة صراف الالي | AP36: بطاقة صراف الالي | AU36: بطاقة صراف الالي | AW36: بطاقة صراف الالي | AY36: بطاقة صراف الالي | BD36: بطاقة صراف الالي | BF36: بطاقة صراف الالي | BH36: بطاقة صراف الالي | BM36: بطاقة صراف الالي | BO36: بطاقة صراف الالي | BQ36: بطاقة صراف الالي | BV36: بطاقة صراف الالي | BX36: بطاقة صراف الالي | BZ36: بطاقة صراف الالي | CE36: بطاقة صراف الالي | CG36: بطاقة صراف الالي | CI36: بطاقة صراف الالي | CN36: بطاقة صراف الالي | CP36: بطاقة صراف الالي | CR36: بطاقة صراف الالي | CW36: بطاقة صراف الالي | CY36: بطاقة صراف الالي | DA36: بطاقة صراف الالي | DF36: بطاقة صراف الالي | DH36: بطاقة صراف الالي | DJ36: بطاقة صراف الالي | DO36: بطاقة صراف الالي | DQ36: بطاقة صراف الالي | DS36: بطاقة صراف الالي
G37: بطاقة صراف الالي | H37: جامعة | I37: - | P37: تامين + تسجيل سيارة ابوي | AC37: غير محسوب ذي الشهر | AE37: غير محسوب ذي الشهر | AG37: غير محسوب ذي الشهر | AL37: غير محسوب ذي الشهر | AN37: غير محسوب ذي الشهر | AP37: غير محسوب ذي الشهر | AU37: غير محسوب ذي الشهر | AW37: غير محسوب ذي الشهر | AY37: غير محسوب ذي الشهر | BD37: غير محسوب ذي الشهر | BF37: غير محسوب ذي الشهر | BH37: غير محسوب ذي الشهر | BM37: غير محسوب ذي الشهر | BO37: غير محسوب ذي الشهر | BQ37: غير محسوب ذي الشهر | BV37: غير محسوب ذي الشهر | BX37: غير محسوب ذي الشهر | BZ37: غير محسوب ذي الشهر | CE37: غير محسوب ذي الشهر | CG37: غير محسوب ذي الشهر | CI37: غير محسوب ذي الشهر | CN37: غير محسوب ذي الشهر | CP37: غير محسوب ذي الشهر | CR37: غير محسوب ذي الشهر | CW37: غير محسوب ذي الشهر | CY37: غير محسوب ذي الشهر | DA37: غير محسوب ذي الشهر | DF37: غير محسوب ذي الشهر | DH37: غير محسوب ذي الشهر | DJ37: غير محسوب ذي الشهر | DO37: غير محسوب ذي الشهر | DQ37: غير محسوب ذي الشهر | DS37: غير محسوب ذي الشهر
G38: بطاقة صراف الالي | H38: مواصلات المدرسة او الجامعة | I38: - | P38: كهرباء
G39: بطاقة صراف الالي | H39: دروس تقوية للأطفال و الكبار | I39: - | P39: بيل تلفوني + الفايبر
D40: العيد | E40: الملابس | F40: المدرسة | G40: بطاقة صراف الالي | H40: احتياجات ألاطفال | I40: - | P40: تصليح سيارتي | AC40: تصليح سيارة ١٫٢ | AE40: تصليح سيارة ١٫٤ | AG40: تصليح سيارة ١٫٦ | AI40: تصليح سيارة ١٫٧ | AL40: تصليح سيارة 2.2 | AN40: تصليح سيارة 2.4 | AP40: تصليح سيارة 2.6 | AR40: تصليح سيارة 2.7 | AU40: تعديل البيت ١٫٢ | AW40: تعديل البيت ١٫٤ | AY40: تعديل البيت ١٫٦ | BA40: تعديل البيت ١٫٧ | BD40: تعديل البيت ٢٫٢ | BF40: تعديل البيت ٢٫٤ | BH40: تعديل البيت ٢٫٦ | BJ40: تعديل البيت ٢٫٧ | BM40: دروس تقوية للأطفال و الكبار 1.2 | BO40: دروس تقوية للأطفال و الكبار 1.4 | BQ40: دروس تقوية للأطفال و الكبار 1.6 | BS40: دروس تقوية للأطفال و الكبار 1.7 | BV40: احتياجات ألاطفال 1.2 | BX40: احتياجات ألاطفال 1.4 | BZ40: احتياجات ألاطفال 1.6 | CB40: احتياجات ألاطفال 1.7 | CE40: قسط البنك 1.2 | CG40: قسط البنك 1.4 | CI40: قسط البنك 1.6 | CK40: قسط البنك 1.7 | CN40: مصروف العائلة 1.2 | CP40: مصروف العائلة 1.4 | CR40: مصروف العائلة 1.6 | CT40: مصروف العائلة 1.7 | CW40: ادخار للحج 1.2 | CY40: ادخار للحج 1.4 | DA40: ادخار للحج 1.6 | DC40: ادخار للحج 1.7 | DF40: استثمار 1.2 | DH40: استثمار 1.4 | DJ40: استثمار 1.6 | DL40: استثمار 1.7 | DO40: ادخار للسفر 1.2 | DQ40: ادخار للسفر 1.4 | DS40: ادخار للسفر 1.6 | DU40: ادخار للسفر 1.7
P41: تصليح أي شي كهربائي فالمنزل | AC41: =VLOOKUP(G29,AC42:AD48,2,FALSE) -> 0 | AE41: =VLOOKUP(G29,AE42:AF48,2,FALSE) -> 0 | AG41: =VLOOKUP(G29,AG42:AH48,2,FALSE) -> 0 | AI41: =VLOOKUP(G29,AI42:AJ48,2,FALSE) -> 0 | AL41: =VLOOKUP(G30,AL42:AM48,2,FALSE) -> 0 | AN41: =VLOOKUP(G30,AN42:AO48,2,FALSE) -> 0 | AP41: =VLOOKUP(G30,AP42:AQ48,2,FALSE) -> 0 | AR41: =VLOOKUP(G30,AR42:AS48,2,FALSE) -> 0 | AU41: =VLOOKUP(G31,AU42:AV48,2,FALSE) -> 0 | AW41: =VLOOKUP(G31,AW42:AX48,2,FALSE) -> 0 | AY41: =VLOOKUP(G31,AY42:AZ48,2,FALSE) -> 0 | BA41: =VLOOKUP(G31,BA42:BB48,2,FALSE) -> 0 | BD41: =VLOOKUP(G32,BD42:BE48,2,FALSE) -> 0 | BF41: =VLOOKUP(G32,BF42:BG48,2,FALSE) -> 0 | BH41: =VLOOKUP(G32,BH42:BI48,2,FALSE) -> 0 | BJ41: =VLOOKUP(G32,BJ42:BK48,2,FALSE) -> 0 | BM41: =VLOOKUP(G39,BM42:BN48,2,FALSE) -> 0 | BO41: =VLOOKUP(G39,BO42:BP48,2,FALSE) -> 0 | BQ41: =VLOOKUP(G39,BQ42:BR48,2,FALSE) -> 0 | BS41: =VLOOKUP(G39,BS42:BT48,2,FALSE) -> 0 | BV41: =VLOOKUP(G40,BV42:BW48,2,FALSE) -> 0 | BX41: =VLOOKUP(G40,BX42:BY48,2,FALSE) -> 0 | BZ41: =VLOOKUP(G40,BZ42:CA48,2,FALSE) -> 0 | CB41: =VLOOKUP(G40,CB42:CC48,2,FALSE) -> 0 | CE41: =VLOOKUP(H74,CE42:CF48,2,FALSE) -> 0 | CG41: =VLOOKUP(H74,CG42:CH48,2,FALSE) -> 0 | CI41: =VLOOKUP(H74,CI42:CJ48,2,FALSE) -> 0 | CK41: =VLOOKUP(H74,CK42:CL48,2,FALSE) -> 0 | CN41: =VLOOKUP(G17,CN42:CO48,2,FALSE) -> 0 | CP41: =VLOOKUP(G17,CP42:CQ48,2,FALSE) -> 0 | CR41: =VLOOKUP(G17,CR42:CS48,2,FALSE) -> 0 | CT41: =VLOOKUP(G17,CT42:CU48,2,FALSE) -> 0 | CW41: =VLOOKUP(G42,CW42:CX48,2,FALSE) -> 0 | CY41: =VLOOKUP(G42,CY42:CZ48,2,FALSE) -> 0 | DA41: =VLOOKUP(G42,DA42:DB48,2,FALSE) -> 0 | DC41: =VLOOKUP(G42,DC42:DD48,2,FALSE) -> 0 | DF41: =VLOOKUP(G45,DF42:DG48,2,FALSE) -> 0 | DH41: =VLOOKUP(G45,DH42:DI48,2,FALSE) -> 0 | DJ41: =VLOOKUP(G45,DJ42:DK48,2,FALSE) -> 0 | DL41: =VLOOKUP(G45,DL42:DM48,2,FALSE) -> 0 | DO41: =VLOOKUP(G48,DO42:DP48,2,FALSE) -> 0 | DQ41: =VLOOKUP(G48,DQ42:DR48,2,FALSE) -> 0 | DS41: =VLOOKUP(G48,DS42:DT48,2,FALSE) -> 0 | DU41: =VLOOKUP(G48,DU42:DV48,2,FALSE) -> 0
G42: بطاقة صراف الالي | H42: ادخار للحج | I42: - | P42: تصليح أي شي الكتروني فالمنزل | AC42: NBK | AE42: NBK | AG42: NBK | AI42: NBK | AL42: NBK | AN42: NBK | AP42: NBK | AR42: NBK | AU42: NBK | AW42: NBK | AY42: NBK | BA42: NBK | BD42: NBK | BF42: NBK | BH42: NBK | BJ42: NBK | BM42: NBK | BO42: NBK | BQ42: NBK | BS42: NBK | BV42: NBK | BX42: NBK | BZ42: NBK | CB42: NBK | CE42: NBK | CG42: NBK | CI42: NBK | CK42: NBK | CN42: NBK | CP42: NBK | CR42: NBK | CT42: NBK | CW42: NBK | CY42: NBK | DA42: NBK | DC42: NBK | DF42: NBK | DH42: NBK | DJ42: NBK | DL42: NBK | DO42: NBK | DQ42: NBK | DS42: NBK | DU42: NBK
G43: بطاقة صراف الالي | H43: مساعدات انسانية | I43: - | P43: أخرى | AC43: ILA | AD43: =D29 -> 0 | AE43: ILA | AG43: ILA | AI43: ILA | AL43: ILA | AM43: =D30 -> 0 | AN43: ILA | AP43: ILA | AR43: ILA | AU43: ILA | AV43: =D31 -> 0 | AW43: ILA | AY43: ILA | BA43: ILA | BD43: ILA | BE43: =D32 -> 0 | BF43: ILA | BH43: ILA | BJ43: ILA | BM43: ILA | BN43: =D39 -> 0 | BO43: ILA | BQ43: ILA | BS43: ILA | BV43: ILA | BW43: =D41+E41+F41 -> 0 | BX43: ILA | BZ43: ILA | CB43: ILA | CE43: ILA | CF43: =D73 -> 0 | CG43: ILA | CI43: ILA | CK43: ILA | CN43: ILA | CO43: =D17 -> 0 | CP43: ILA | CR43: ILA | CT43: ILA | CW43: ILA | CX43: =D42 -> 0 | CY43: ILA | DA43: ILA | DC43: ILA | DF43: ILA | DG43: =D45 -> 0 | DH43: ILA | DJ43: ILA | DL43: ILA | DO43: ILA | DP43: =D48 -> 0 | DQ43: ILA | DS43: ILA | DU43: ILA
G44: بطاقة صراف الالي | H44: جمعية | I44: - | O44: =O35-O36-O37-O38-O39-O43-O40-O41-O42 -> 0 | P44: مجموع مشتريات متنوعة للفيزاء | AC44: BBK | AE44: BBK | AG44: BBK | AI44: BBK | AL44: BBK | AN44: BBK | AP44: BBK | AR44: BBK | AU44: BBK | AW44: BBK | AY44: BBK | BA44: BBK | BD44: BBK | BF44: BBK | BH44: BBK | BJ44: BBK | BM44: BBK | BO44: BBK | BQ44: BBK | BS44: BBK | BV44: BBK | BX44: BBK | BZ44: BBK | CB44: BBK | CE44: BBK | CG44: BBK | CI44: BBK | CK44: BBK | CN44: BBK | CP44: BBK | CR44: BBK | CT44: BBK | CW44: BBK | CY44: BBK | DA44: BBK | DC44: BBK | DF44: BBK | DH44: BBK | DJ44: BBK | DL44: BBK | DO44: BBK | DQ44: BBK | DS44: BBK | DU44: BBK
G45: بطاقة صراف الالي | H45: استثمار | I45: - | AC45: MEEM | AE45: MEEM | AF45: =D29 -> 0 | AG45: MEEM | AI45: MEEM | AL45: MEEM | AN45: MEEM | AO45: =D30 -> 0 | AP45: MEEM | AR45: MEEM | AU45: MEEM | AW45: MEEM | AX45: =D31 -> 0 | AY45: MEEM | BA45: MEEM | BD45: MEEM | BF45: MEEM | BG45: =D32 -> 0 | BH45: MEEM | BJ45: MEEM | BM45: MEEM | BO45: MEEM | BP45: =D39 -> 0 | BQ45: MEEM | BS45: MEEM | BV45: MEEM | BX45: MEEM | BY45: =D41+E41+F41 -> 0 | BZ45: MEEM | CB45: MEEM | CE45: MEEM | CG45: MEEM | CH45: =D73 -> 0 | CI45: MEEM | CK45: MEEM | CN45: MEEM | CP45: MEEM | CQ45: =D17 -> 0 | CR45: MEEM | CT45: MEEM | CW45: MEEM | CY45: MEEM | CZ45: =D42 -> 0 | DA45: MEEM | DC45: MEEM | DF45: MEEM | DH45: MEEM | DI45: =D45 -> 0 | DJ45: MEEM | DL45: MEEM | DO45: MEEM | DQ45: MEEM | DR45: =D48 -> 0 | DS45: MEEM | DU45: MEEM
F46: الفطر | G46: بطاقة صراف الالي | H46: عيادي العيد | I46: - | AC46: NBB | AE46: NBB | AG46: NBB | AI46: NBB | AL46: NBB | AN46: NBB | AP46: NBB | AR46: NBB | AU46: NBB | AW46: NBB | AY46: NBB | BA46: NBB | BD46: NBB | BF46: NBB | BH46: NBB | BJ46: NBB | BM46: NBB | BO46: NBB | BQ46: NBB | BS46: NBB | BV46: NBB | BX46: NBB | BZ46: NBB | CB46: NBB | CE46: NBB | CG46: NBB | CI46: NBB | CK46: NBB | CN46: NBB | CP46: NBB | CR46: NBB | CT46: NBB | CW46: NBB | CY46: NBB | DA46: NBB | DC46: NBB | DF46: NBB | DH46: NBB | DJ46: NBB | DL46: NBB | DO46: NBB | DQ46: NBB | DS46: NBB | DU46: NBB
G47: بطاقة صراف الالي | H47: ادخار ( تأمين و تسجيل + ثياب العيد + الروضة ) | I47: - | AC47: بطاقة صراف الالي | AE47: بطاقة صراف الالي | AG47: بطاقة صراف الالي | AH47: =D29 -> 0 | AI47: بطاقة صراف الالي | AL47: بطاقة صراف الالي | AN47: بطاقة صراف الالي | AP47: بطاقة صراف الالي | AQ47: =D30 -> 0 | AR47: بطاقة صراف الالي | AU47: بطاقة صراف الالي | AW47: بطاقة صراف الالي | AY47: بطاقة صراف الالي | AZ47: =D31 -> 0 | BA47: بطاقة صراف الالي | BD47: بطاقة صراف الالي | BF47: بطاقة صراف الالي | BH47: بطاقة صراف الالي | BI47: =D32 -> 0 | BJ47: بطاقة صراف الالي | BM47: بطاقة صراف الالي | BO47: بطاقة صراف الالي | BQ47: بطاقة صراف الالي | BR47: =D39 -> 0 | BS47: بطاقة صراف الالي | BV47: بطاقة صراف الالي | BX47: بطاقة صراف الالي | BZ47: بطاقة صراف الالي | CA47: =D41+E41+F41 -> 0 | CB47: بطاقة صراف الالي | CE47: بطاقة صراف الالي | CG47: بطاقة صراف الالي | CI47: بطاقة صراف الالي | CJ47: =D73 -> 0 | CK47: بطاقة صراف الالي | CN47: بطاقة صراف الالي | CP47: بطاقة صراف الالي | CR47: بطاقة صراف الالي | CS47: =D17 -> 0 | CT47: بطاقة صراف الالي | CW47: بطاقة صراف الالي | CY47: بطاقة صراف الالي | DA47: بطاقة صراف الالي | DB47: =D42 -> 0 | DC47: بطاقة صراف الالي | DF47: بطاقة صراف الالي | DH47: بطاقة صراف الالي | DJ47: بطاقة صراف الالي | DK47: =D45 -> 0 | DL47: بطاقة صراف الالي | DO47: بطاقة صراف الالي | DQ47: بطاقة صراف الالي | DS47: بطاقة صراف الالي | DT47: =D48 -> 0 | DU47: بطاقة صراف الالي
G48: بطاقة صراف الالي | H48: ادخار للسفر | I48: - | AC48: غير محسوب ذي الشهر | AE48: غير محسوب ذي الشهر | AG48: غير محسوب ذي الشهر | AI48: غير محسوب ذي الشهر | AJ48: =D29 -> 0 | AL48: غير محسوب ذي الشهر | AN48: غير محسوب ذي الشهر | AP48: غير محسوب ذي الشهر | AR48: غير محسوب ذي الشهر | AS48: =D30 -> 0 | AU48: غير محسوب ذي الشهر | AW48: غير محسوب ذي الشهر | AY48: غير محسوب ذي الشهر | BA48: غير محسوب ذي الشهر | BB48: =D31 -> 0 | BD48: غير محسوب ذي الشهر | BF48: غير محسوب ذي الشهر | BH48: غير محسوب ذي الشهر | BJ48: غير محسوب ذي الشهر | BK48: =D32 -> 0 | BM48: غير محسوب ذي الشهر | BO48: غير محسوب ذي الشهر | BQ48: غير محسوب ذي الشهر | BS48: غير محسوب ذي الشهر | BT48: =D39 -> 0 | BV48: غير محسوب ذي الشهر | BX48: غير محسوب ذي الشهر | BZ48: غير محسوب ذي الشهر | CB48: غير محسوب ذي الشهر | CC48: =D41+E41+F41 -> 0 | CE48: غير محسوب ذي الشهر | CG48: غير محسوب ذي الشهر | CI48: غير محسوب ذي الشهر | CK48: غير محسوب ذي الشهر | CL48: =D73 -> 0 | CN48: غير محسوب ذي الشهر | CP48: غير محسوب ذي الشهر | CR48: غير محسوب ذي الشهر | CT48: غير محسوب ذي الشهر | CU48: =D17 -> 0 | CW48: غير محسوب ذي الشهر | CY48: غير محسوب ذي الشهر | DA48: غير محسوب ذي الشهر | DC48: غير محسوب ذي الشهر | DD48: =D42 -> 0 | DF48: غير محسوب ذي الشهر | DH48: غير محسوب ذي الشهر | DJ48: غير محسوب ذي الشهر | DL48: غير محسوب ذي الشهر | DM48: =D45 -> 0 | DO48: غير محسوب ذي الشهر | DQ48: غير محسوب ذي الشهر | DS48: غير محسوب ذي الشهر | DU48: غير محسوب ذي الشهر | DV48: =D48 -> 0
D50: ='سلف و دين واقساط'!D6 -> العام الماضي | G50: ديــــن: | J50: ='سلف و دين واقساط'!D26 -> السنة الحالية | L50: ديــــن:
G51: للتعديل او الاضافة اذهب الى صفحة سلف و دين و الاقساط | L51: للتعديل او الاضافة اذهب الى صفحة سلف و دين و الاقساط | AC51: عيدميلاد ١٫١ | AE51: عيدميلاد ١٫٣ | AG51: عيدميلاد ١٫٥ | AL51: مدرسة خاصة ١٫١ | AN51: مدرسة خاصة ١٫٣ | AP51: مدرسة خاصة ١٫٥ | AU51: روضة ١٫١ | AW51: روضة ١٫٣ | AY51: روضة ١٫٥ | BD51: جامعة ١٫١ | BF51: جامعة ١٫٣ | BH51: جامعة ١٫٥ | BM51: مواصلات المدرسة او الجامعة 1.1 | BO51: مواصلات المدرسة او الجامعة 1.3 | BQ51: مواصلات المدرسة او الجامعة 1.5 | BV51: تامين + التسجيل السنوي لجميع السيارات 1.1 | BX51: تامين + التسجيل السنوي لجميع السيارات 1.3 | BZ51: تامين + التسجيل السنوي لجميع السيارات 1.5 | CE51: قسط متنوع 1.1 | CG51: قسط متنوع 1.3 | CI51: قسط متنوع 1.5 | CN51: مصروفات أخرى 1.1 | CP51: مصروفات أخرى 1.3 | CR51: مصروفات أخرى 1.5 | CW51: مساعدات انسانية 1.1 | CY51: مساعدات انسانية 1.3 | DA51: مساعدات انسانية 1.5 | DF51: عيادي العيد 1.1 | DH51: عيادي العيد 1.3 | DJ51: عيادي العيد 1.5
D52: ='سلف و دين واقساط'!D8 -> 0 | G52: الاســـــــــــــــــــــــــــــــــــــــم : | H52: الدائن ( انا ماخذ سلف من احد ) | J52: ='سلف و دين واقساط'!D28 -> 0 | L52: الاســــــــــــــــــــــــــــــــــــــــــــــــــــم : | N52: الدائن ( انا ماخذ سلف من احد ) | AC52: =VLOOKUP(G34,AC53:AD59,2,FALSE) -> 0 | AE52: =VLOOKUP(G34,AE53:AF59,2,FALSE) -> 0 | AG52: =VLOOKUP(G34,AG53:AH59,2,FALSE) -> 0 | AL52: =VLOOKUP(G35,AL53:AM59,2,FALSE) -> 0 | AN52: =VLOOKUP(G35,AN53:AO59,2,FALSE) -> 0 | AP52: =VLOOKUP(G35,AP53:AQ59,2,FALSE) -> 0 | AU52: =VLOOKUP(G36,AU53:AV59,2,FALSE) -> 0 | AW52: =VLOOKUP(G36,AW53:AX59,2,FALSE) -> 0 | AY52: =VLOOKUP(G36,AY53:AZ59,2,FALSE) -> 0 | BD52: =VLOOKUP(G37,BD53:BE59,2,FALSE) -> 0 | BF52: =VLOOKUP(G37,BF53:BG59,2,FALSE) -> 0 | BH52: =VLOOKUP(G37,BH53:BI59,2,FALSE) -> 0 | BM52: =VLOOKUP(G38,BM53:BN59,2,FALSE) -> 0 | BO52: =VLOOKUP(G38,BO53:BP59,2,FALSE) -> 0 | BQ52: =VLOOKUP(G38,BQ53:BR59,2,FALSE) -> 0 | BV52: =VLOOKUP(G83,BV53:BW59,2,FALSE) -> 0 | BX52: =VLOOKUP(G83,BX53:BY59,2,FALSE) -> 0 | BZ52: =VLOOKUP(G83,BZ53:CA59,2,FALSE) -> 0 | CE52: =VLOOKUP(H80,CE53:CF59,2,FALSE) -> 0 | CG52: =VLOOKUP(H80,CG53:CH59,2,FALSE) -> 0 | CI52: =VLOOKUP(H80,CI53:CJ59,2,FALSE) -> 0 | CN52: =VLOOKUP(G22,CN53:CO59,2,FALSE) -> 0 | CP52: =VLOOKUP(G22,CP53:CQ59,2,FALSE) -> 0 | CR52: =VLOOKUP(G22,CR53:CS59,2,FALSE) -> 0 | CW52: =VLOOKUP(G43,CW53:CX59,2,FALSE) -> 0 | CY52: =VLOOKUP(G43,CY53:CZ59,2,FALSE) -> 0 | DA52: =VLOOKUP(G43,DA53:DB59,2,FALSE) -> 0 | DF52: =VLOOKUP(G46,DF53:DG59,2,FALSE) -> 0 | DH52: =VLOOKUP(G46,DH53:DI59,2,FALSE) -> 0 | DJ52: =VLOOKUP(G46,DJ53:DK59,2,FALSE) -> 0
D53: ='سلف و دين واقساط'!D9 -> 0 | F53: ='سلف و دين واقساط'!F9 -> يرجى الاختيار | G53: المبلـــــــــــــغ الكلي : | J53: ='سلف و دين واقساط'!D29 -> 0 | K53: ='سلف و دين واقساط'!F29 -> يرجى الاختيار | L53: المبلـــــــــــــغ الكلي لل : | AC53: NBK | AD53: =D33 -> 0 | AE53: NBK | AG53: NBK | AL53: NBK | AM53: =D35 -> 0 | AN53: NBK | AP53: NBK | AU53: NBK | AV53: =D36 -> 0 | AW53: NBK | AY53: NBK | BD53: NBK | BE53: =D37 -> 0 | BF53: NBK | BH53: NBK | BM53: NBK | BN53: =D38 -> 0 | BO53: NBK | BQ53: NBK | BV53: NBK | BW53: =D83 -> 0 | BX53: NBK | BZ53: NBK | CE53: NBK | CF53: =D79 -> 0 | CG53: NBK | CI53: NBK | CN53: NBK | CO53: =D22 -> 0 | CP53: NBK | CR53: NBK | CW53: NBK | CX53: =D43 -> 0 | CY53: NBK | DA53: NBK | DF53: NBK | DG53: =D46 -> 0 | DH53: NBK | DJ53: NBK
G54: تــــــــــــــــــــــم الدفــــــــع : | H54: المدين ( ناس ماخذين مني سلف ) | L54: تــــــــــــــــــــــم الدفـــــــــــــــــــع : | N54: المدين ( ناس ماخذين مني سلف ) | AC54: ILA | AE54: ILA | AG54: ILA | AL54: ILA | AN54: ILA | AP54: ILA | AU54: ILA | AW54: ILA | AY54: ILA | BD54: ILA | BF54: ILA | BH54: ILA | BM54: ILA | BO54: ILA | BQ54: ILA | BV54: ILA | BX54: ILA | BZ54: ILA | CE54: ILA | CG54: ILA | CI54: ILA | CN54: ILA | CP54: ILA | CR54: ILA | CW54: ILA | CY54: ILA | DA54: ILA | DF54: ILA | DH54: ILA | DJ54: ILA
D55: ='سلف و دين واقساط'!D12 -> 0 | G55: المتبــــــــــــــــــــــــــــــــــــقي : | J55: ='سلف و دين واقساط'!D32 -> 0 | L55: المتبـــــــــــــــــــــــــــــــــــــــــــــــقي : | AC55: BBK | AE55: BBK | AF55: =D33 -> 0 | AG55: BBK | AL55: BBK | AN55: BBK | AO55: =D35 -> 0 | AP55: BBK | AU55: BBK | AW55: BBK | AX55: =D36 -> 0 | AY55: BBK | BD55: BBK | BF55: BBK | BG55: =D37 -> 0 | BH55: BBK | BM55: BBK | BO55: BBK | BP55: =D38 -> 0 | BQ55: BBK | BV55: BBK | BX55: BBK | BY55: =D83 -> 0 | BZ55: BBK | CE55: BBK | CG55: BBK | CH55: =D79 -> 0 | CI55: BBK | CN55: BBK | CP55: BBK | CQ55: =D22 -> 0 | CR55: BBK | CW55: BBK | CY55: BBK | CZ55: =D43 -> 0 | DA55: BBK | DF55: BBK | DH55: BBK | DI55: =D46 -> 0 | DJ55: BBK
AC56: MEEM | AE56: MEEM | AG56: MEEM | AL56: MEEM | AN56: MEEM | AP56: MEEM | AU56: MEEM | AW56: MEEM | AY56: MEEM | BD56: MEEM | BF56: MEEM | BH56: MEEM | BM56: MEEM | BO56: MEEM | BQ56: MEEM | BV56: MEEM | BX56: MEEM | BZ56: MEEM | CE56: MEEM | CG56: MEEM | CI56: MEEM | CN56: MEEM | CP56: MEEM | CR56: MEEM | CW56: MEEM | CY56: MEEM | DA56: MEEM | DF56: MEEM | DH56: MEEM | DJ56: MEEM
D57: ='سلف و دين واقساط'!D16 -> السنة الحالية | G57: ديــــن: | J57: ='سلف و دين واقساط'!D36 -> السنة الحالية | L57: ديــــن: | AC57: NBB | AE57: NBB | AG57: NBB | AH57: =D33 -> 0 | AL57: NBB | AN57: NBB | AP57: NBB | AQ57: =D35 -> 0 | AU57: NBB | AW57: NBB | AY57: NBB | AZ57: =D36 -> 0 | BD57: NBB | BF57: NBB | BH57: NBB | BI57: =D37 -> 0 | BM57: NBB | BO57: NBB | BQ57: NBB | BR57: =D38 -> 0 | BV57: NBB | BX57: NBB | BZ57: NBB | CA57: =D83 -> 0 | CE57: NBB | CG57: NBB | CI57: NBB | CJ57: =D79 -> 0 | CN57: NBB | CP57: NBB | CR57: NBB | CS57: =D22 -> 0 | CW57: NBB | CY57: NBB | DA57: NBB | DB57: =D43 -> 0 | DF57: NBB | DH57: NBB | DJ57: NBB | DK57: =D46 -> 0
G58: للتعديل او الاضافة اذهب الى صفحة سلف و دين و الاقساط | L58: للتعديل او الاضافة اذهب الى صفحة سلف و دين و الاقساط | AC58: بطاقة صراف الالي | AE58: بطاقة صراف الالي | AG58: بطاقة صراف الالي | AL58: بطاقة صراف الالي | AN58: بطاقة صراف الالي | AP58: بطاقة صراف الالي | AU58: بطاقة صراف الالي | AW58: بطاقة صراف الالي | AY58: بطاقة صراف الالي | BD58: بطاقة صراف الالي | BF58: بطاقة صراف الالي | BH58: بطاقة صراف الالي | BM58: بطاقة صراف الالي | BO58: بطاقة صراف الالي | BQ58: بطاقة صراف الالي | BV58: بطاقة صراف الالي | BX58: بطاقة صراف الالي | BZ58: بطاقة صراف الالي | CE58: بطاقة صراف الالي | CG58: بطاقة صراف الالي | CI58: بطاقة صراف الالي | CN58: بطاقة صراف الالي | CP58: بطاقة صراف الالي | CR58: بطاقة صراف الالي | CW58: بطاقة صراف الالي | CY58: بطاقة صراف الالي | DA58: بطاقة صراف الالي | DF58: بطاقة صراف الالي | DH58: بطاقة صراف الالي | DJ58: بطاقة صراف الالي
D59: ='سلف و دين واقساط'!D18 -> 0 | G59: الاســــــــــــــــــــــــــــــــــــــــــــــــــــم : | H59: الدائن ( انا ماخذ سلف من احد ) | J59: ='سلف و دين واقساط'!D38 -> 0 | L59: الاســــــــــــــــــــــــــــــــــــــــــــــــــــم : | N59: الدائن ( انا ماخذ سلف من احد ) | AC59: غير محسوب ذي الشهر | AE59: غير محسوب ذي الشهر | AG59: غير محسوب ذي الشهر | AL59: غير محسوب ذي الشهر | AN59: غير محسوب ذي الشهر | AP59: غير محسوب ذي الشهر | AU59: غير محسوب ذي الشهر | AW59: غير محسوب ذي الشهر | AY59: غير محسوب ذي الشهر | BD59: غير محسوب ذي الشهر | BF59: غير محسوب ذي الشهر | BH59: غير محسوب ذي الشهر | BM59: غير محسوب ذي الشهر | BO59: غير محسوب ذي الشهر | BQ59: غير محسوب ذي الشهر | BV59: غير محسوب ذي الشهر | BX59: غير محسوب ذي الشهر | BZ59: غير محسوب ذي الشهر | CE59: غير محسوب ذي الشهر | CG59: غير محسوب ذي الشهر | CI59: غير محسوب ذي الشهر | CN59: غير محسوب ذي الشهر | CP59: غير محسوب ذي الشهر | CR59: غير محسوب ذي الشهر | CW59: غير محسوب ذي الشهر | CY59: غير محسوب ذي الشهر | DA59: غير محسوب ذي الشهر | DF59: غير محسوب ذي الشهر | DH59: غير محسوب ذي الشهر | DJ59: غير محسوب ذي الشهر
D60: ='سلف و دين واقساط'!D19 -> 0 | F60: ='سلف و دين واقساط'!F19 -> يرجى الاختيار | G60: المبلـــــــــــــغ الكلي لل : | J60: ='سلف و دين واقساط'!D39 -> 0 | K60: ='سلف و دين واقساط'!F39 -> مدين | L60: المبلـــــــــــــغ الكلي لل :
G61: تــــــــــــــــــــــم الدفـــــــــــــــــــع : | H61: المدين ( ناس ماخذين مني سلف ) | L61: تــــــــــــــــــــــم الدفـــــــــــــــــــع : | N61: المدين ( ناس ماخذين مني سلف )
D62: ='سلف و دين واقساط'!D22 -> 0 | G62: المتبـــــــــــــــــــــــــــــــــــــــــــــــقي : | J62: ='سلف و دين واقساط'!D42 -> 0 | L62: المتبـــــــــــــــــــــــــــــــــــــــــــــــقي : | AC62: عيدميلاد ١٫٢ | AE62: عيدميلاد ١٫٤ | AG62: عيدميلاد ١٫٦ | AI62: عيدميلاد ١٫٧ | AL62: مدرسة خاصة ١٫٢ | AN62: مدرسة خاصة ١٫٤ | AP62: مدرسة خاصة ١٫٦ | AR62: مدرسة خاصة ١٫٧ | AU62: روضة ١٫٢ | AW62: روضة ١٫٤ | AY62: روضة ١٫٦ | BA62: روضة ١٫٧ | BD62: جامعة ١٫٢ | BF62: جامعة ١٫٤ | BH62: جامعة ١٫٦ | BJ62: جامعة ١٫٧ | BM62: مواصلات المدرسة او الجامعة 1.2 | BO62: مواصلات المدرسة او الجامعة 1.4 | BQ62: مواصلات المدرسة او الجامعة 1.6 | BS62: مواصلات المدرسة او الجامعة 1.7 | BV62: تامين + التسجيل السنوي لجميع السيارات 1.2 | BX62: تامين + التسجيل السنوي لجميع السيارات 1.4 | BZ62: تامين + التسجيل السنوي لجميع السيارات 1.6 | CB62: تامين + التسجيل السنوي لجميع السيارات 1.7 | CE62: قسط متنوع 1.2 | CG62: قسط متنوع 1.4 | CI62: قسط متنوع 1.6 | CK62: قسط متنوع 1.7 | CN62: مصروفات أخرى 1.2 | CP62: مصروفات أخرى 1.4 | CR62: مصروفات أخرى 1.6 | CT62: مصروفات أخرى 1.7 | CW62: مساعدات انسانية 1.2 | CY62: مساعدات انسانية 1.4 | DA62: مساعدات انسانية 1.6 | DC62: مساعدات انسانية 1.7 | DF62: عيادي العيد 1.2 | DH62: عيادي العيد 1.4 | DJ62: عيادي العيد 1.6 | DL62: عيادي العيد 1.7
AC63: =VLOOKUP(G34,AC64:AD70,2,FALSE) -> 0 | AE63: =VLOOKUP(G34,AE64:AF70,2,FALSE) -> 0 | AG63: =VLOOKUP(G34,AG64:AH70,2,FALSE) -> 0 | AI63: =VLOOKUP(G34,AI64:AJ70,2,FALSE) -> 0 | AL63: =VLOOKUP(G35,AL64:AM70,2,FALSE) -> 0 | AN63: =VLOOKUP(G35,AN64:AO70,2,FALSE) -> 0 | AP63: =VLOOKUP(G35,AP64:AQ70,2,FALSE) -> 0 | AR63: =VLOOKUP(G35,AR64:AS70,2,FALSE) -> 0 | AU63: =VLOOKUP(G36,AU64:AV70,2,FALSE) -> 0 | AW63: =VLOOKUP(G36,AW64:AX70,2,FALSE) -> 0 | AY63: =VLOOKUP(G36,AY64:AZ70,2,FALSE) -> 0 | BA63: =VLOOKUP(G36,BA64:BB70,2,FALSE) -> 0 | BD63: =VLOOKUP(G37,BD64:BE70,2,FALSE) -> 0 | BF63: =VLOOKUP(G37,BF64:BG70,2,FALSE) -> 0 | BH63: =VLOOKUP(G37,BH64:BI70,2,FALSE) -> 0 | BJ63: =VLOOKUP(G37,BJ64:BK70,2,FALSE) -> 0 | BM63: =VLOOKUP(G38,BM64:BN70,2,FALSE) -> 0 | BO63: =VLOOKUP(G38,BO64:BP70,2,FALSE) -> 0 | BQ63: =VLOOKUP(G38,BQ64:BR70,2,FALSE) -> 0 | BS63: =VLOOKUP(G38,BS64:BT70,2,FALSE) -> 0 | BV63: =VLOOKUP(G83,BV64:BW70,2,FALSE) -> 0 | BX63: =VLOOKUP(G83,BX64:BY70,2,FALSE) -> 0 | BZ63: =VLOOKUP(G83,BZ64:CA70,2,FALSE) -> 0 | CB63: =VLOOKUP(G83,CB64:CC70,2,FALSE) -> 0 | CE63: =VLOOKUP(H80,CE64:CF70,2,FALSE) -> 0 | CG63: =VLOOKUP(H80,CG64:CH70,2,FALSE) -> 0 | CI63: =VLOOKUP(H80,CI64:CJ70,2,FALSE) -> 0 | CK63: =VLOOKUP(H80,CK64:CL70,2,FALSE) -> 0 | CN63: =VLOOKUP(G22,CN64:CO70,2,FALSE) -> 0 | CP63: =VLOOKUP(G22,CP64:CQ70,2,FALSE) -> 0 | CR63: =VLOOKUP(G22,CR64:CS70,2,FALSE) -> 0 | CT63: =VLOOKUP(G22,CT64:CU70,2,FALSE) -> 0 | CW63: =VLOOKUP(G43,CW64:CX70,2,FALSE) -> 0 | CY63: =VLOOKUP(G43,CY64:CZ70,2,FALSE) -> 0 | DA63: =VLOOKUP(G43,DA64:DB70,2,FALSE) -> 0 | DC63: =VLOOKUP(G43,DC64:DD70,2,FALSE) -> 0 | DF63: =VLOOKUP(G46,DF64:DG70,2,FALSE) -> 0 | DH63: =VLOOKUP(G46,DH64:DI70,2,FALSE) -> 0 | DJ63: =VLOOKUP(G46,DJ64:DK70,2,FALSE) -> 0 | DL63: =VLOOKUP(G46,DL64:DM70,2,FALSE) -> 0
D64: ='سلف و دين واقساط'!D46 -> 0 | G64: وصــــــــــــــــــــــــــــــــــــــف : | H64: للتعديل او الاضافة اذهب الى صفحة سلف و دين و الاقساط | AC64: NBK | AE64: NBK | AG64: NBK | AI64: NBK | AL64: NBK | AN64: NBK | AP64: NBK | AR64: NBK | AU64: NBK | AW64: NBK | AY64: NBK | BA64: NBK | BD64: NBK | BF64: NBK | BH64: NBK | BJ64: NBK | BM64: NBK | BO64: NBK | BQ64: NBK | BS64: NBK | BV64: NBK | BX64: NBK | BZ64: NBK | CB64: NBK | CE64: NBK | CG64: NBK | CI64: NBK | CK64: NBK | CN64: NBK | CP64: NBK | CR64: NBK | CT64: NBK | CW64: NBK | CY64: NBK | DA64: NBK | DC64: NBK | DF64: NBK | DH64: NBK | DJ64: NBK | DL64: NBK
D65: ='سلف و دين واقساط'!D47 -> 0 | G65: اســـــــــــــــــــم البنك : | H65: قسط بطاقة الفيزا البنكية | I65: - | AC65: ILA | AD65: =D33 -> 0 | AE65: ILA | AG65: ILA | AI65: ILA | AL65: ILA | AM65: =D35 -> 0 | AN65: ILA | AP65: ILA | AR65: ILA | AU65: ILA | AV65: =D36 -> 0 | AW65: ILA | AY65: ILA | BA65: ILA | BD65: ILA | BE65: =D37 -> 0 | BF65: ILA | BH65: ILA | BJ65: ILA | BM65: ILA | BN65: =D38 -> 0 | BO65: ILA | BQ65: ILA | BS65: ILA | BV65: ILA | BW65: =D83 -> 0 | BX65: ILA | BZ65: ILA | CB65: ILA | CE65: ILA | CF65: =D79 -> 0 | CG65: ILA | CI65: ILA | CK65: ILA | CN65: ILA | CO65: =D22 -> 0 | CP65: ILA | CR65: ILA | CT65: ILA | CW65: ILA | CX65: =D43 -> 0 | CY65: ILA | DA65: ILA | DC65: ILA | DF65: ILA | DG65: =D46 -> 0 | DH65: ILA | DJ65: ILA | DL65: ILA
D66: ='سلف و دين واقساط'!D48 -> 0 | G66: المبلـــــــــــــغ الكلي : | AC66: BBK | AE66: BBK | AG66: BBK | AI66: BBK | AL66: BBK | AN66: BBK | AP66: BBK | AR66: BBK | AU66: BBK | AW66: BBK | AY66: BBK | BA66: BBK | BD66: BBK | BF66: BBK | BH66: BBK | BJ66: BBK | BM66: BBK | BO66: BBK | BQ66: BBK | BS66: BBK | BV66: BBK | BX66: BBK | BZ66: BBK | CB66: BBK | CE66: BBK | CG66: BBK | CI66: BBK | CK66: BBK | CN66: BBK | CP66: BBK | CR66: BBK | CT66: BBK | CW66: BBK | CY66: BBK | DA66: BBK | DC66: BBK | DF66: BBK | DH66: BBK | DJ66: BBK | DL66: BBK
G67: تــــــــــــــــــــــم الدفــــــــع : | AC67: MEEM | AE67: MEEM | AF67: =D33 -> 0 | AG67: MEEM | AI67: MEEM | AL67: MEEM | AN67: MEEM | AO67: =D35 -> 0 | AP67: MEEM | AR67: MEEM | AU67: MEEM | AW67: MEEM | AX67: =D36 -> 0 | AY67: MEEM | BA67: MEEM | BD67: MEEM | BF67: MEEM | BG67: =D37 -> 0 | BH67: MEEM | BJ67: MEEM | BM67: MEEM | BO67: MEEM | BP67: =D38 -> 0 | BQ67: MEEM | BS67: MEEM | BV67: MEEM | BX67: MEEM | BY67: =D83 -> 0 | BZ67: MEEM | CB67: MEEM | CE67: MEEM | CG67: MEEM | CH67: =D79 -> 0 | CI67: MEEM | CK67: MEEM | CN67: MEEM | CP67: MEEM | CQ67: =D22 -> 0 | CR67: MEEM | CT67: MEEM | CW67: MEEM | CY67: MEEM | CZ67: =D43 -> 0 | DA67: MEEM | DC67: MEEM | DF67: MEEM | DH67: MEEM | DI67: =D46 -> 0 | DJ67: MEEM | DL67: MEEM
